[1/4] Aggregating on-chain + off-chain data...
[2/4] Running anomaly detection engine...
[3/4] Writing machine-readable JSON...
[4/4] Writing human-readable Markdown...

✓ Reports generated:
  → /home/administrator/solpulse-dashboard/report.json (4,001 bytes)
  → /home/administrator/solpulse-dashboard/report.md (2,036 bytes)

Status: HEALTHY | Health Score: 100/100
[1/4] Aggregating on-chain + off-chain data...
[2/4] Running anomaly detection engine...
[3/4] Writing machine-readable JSON...
[4/4] Writing human-readable Markdown...

✓ Reports generated:
  → /home/administrator/solpulse-dashboard/report.json (3,999 bytes)
  → /home/administrator/solpulse-dashboard/report.md (2,035 bytes)

Status: HEALTHY | Health Score: 100/100
[1/4] Aggregating on-chain + off-chain data...
[2/4] Running anomaly detection engine...
[3/4] Writing machine-readable JSON...
[4/4] Writing human-readable Markdown...

✓ Reports generated:
  → /home/administrator/solpulse-dashboard/report.json (4,000 bytes)
  → /home/administrator/solpulse-dashboard/report.md (2,035 bytes)

Status: HEALTHY | Health Score: 100/100
[1/4] Aggregating on-chain + off-chain data...
[2/4] Running anomaly detection engine...
[3/4] Writing machine-readable JSON...
[4/4] Writing human-readable Markdown...

✓ Reports generated:
  → /home/administrator/solpulse-dashboard/report.json (4,002 bytes)
  → /home/administrator/solpulse-dashboard/report.md (2,037 bytes)

Status: HEALTHY | Health Score: 100/100
[1/4] Aggregating on-chain + off-chain data...
[2/4] Running anomaly detection engine...
[3/4] Writing machine-readable JSON...
[4/4] Writing human-readable Markdown...

✓ Reports generated:
  → /home/administrator/solpulse-dashboard/report.json (4,002 bytes)
  → /home/administrator/solpulse-dashboard/report.md (2,037 bytes)

Status: HEALTHY | Health Score: 100/100
[1/4] Aggregating on-chain + off-chain data...
[2/4] Running anomaly detection engine...
[3/4] Writing machine-readable JSON...
[4/4] Writing human-readable Markdown...

✓ Reports generated:
  → /home/administrator/solpulse-dashboard/report.json (4,002 bytes)
  → /home/administrator/solpulse-dashboard/report.md (2,037 bytes)

Status: HEALTHY | Health Score: 100/100
[1/4] Aggregating on-chain + off-chain data...
[2/4] Running anomaly detection engine...
[3/4] Writing machine-readable JSON...
[4/4] Writing human-readable Markdown...

✓ Reports generated:
  → /home/administrator/solpulse-dashboard/report.json (4,002 bytes)
  → /home/administrator/solpulse-dashboard/report.md (2,037 bytes)

Status: HEALTHY | Health Score: 100/100
[1/4] Aggregating on-chain + off-chain data...
[2/4] Running anomaly detection engine...
[3/4] Writing machine-readable JSON...
[4/4] Writing human-readable Markdown...

✓ Reports generated:
  → /home/administrator/solpulse-dashboard/report.json (4,003 bytes)
  → /home/administrator/solpulse-dashboard/report.md (2,037 bytes)

Status: HEALTHY | Health Score: 100/100
[1/4] Aggregating on-chain + off-chain data...
[2/4] Running anomaly detection engine...
[3/4] Writing machine-readable JSON...
[4/4] Writing human-readable Markdown...

✓ Reports generated:
  → /home/administrator/solpulse-dashboard/report.json (4,031 bytes)
  → /home/administrator/solpulse-dashboard/report.md (2,038 bytes)

Status: HEALTHY | Health Score: 100/100
[1/4] Aggregating on-chain + off-chain data...
[2/4] Running anomaly detection engine...
[3/4] Writing machine-readable JSON...
[4/4] Writing human-readable Markdown...

✓ Reports generated:
  → /home/administrator/solpulse-dashboard/report.json (4,031 bytes)
  → /home/administrator/solpulse-dashboard/report.md (2,038 bytes)

Status: HEALTHY | Health Score: 100/100
[1/4] Aggregating on-chain + off-chain data...
[2/4] Running anomaly detection engine...
[3/4] Writing machine-readable JSON...
[4/4] Writing human-readable Markdown...

✓ Reports generated:
  → /home/administrator/solpulse-dashboard/report.json (4,030 bytes)
  → /home/administrator/solpulse-dashboard/report.md (2,038 bytes)

Status: HEALTHY | Health Score: 100/100
[1/4] Aggregating on-chain + off-chain data...
[2/4] Running anomaly detection engine...
[3/4] Writing machine-readable JSON...
[4/4] Writing human-readable Markdown...

✓ Reports generated:
  → /home/administrator/solpulse-dashboard/report.json (4,029 bytes)
  → /home/administrator/solpulse-dashboard/report.md (2,037 bytes)

Status: HEALTHY | Health Score: 100/100
[1/4] Aggregating on-chain + off-chain data...
[2/4] Running anomaly detection engine...
[3/4] Writing machine-readable JSON...
[4/4] Writing human-readable Markdown...

✓ Reports generated:
  → /home/administrator/solpulse-dashboard/report.json (4,029 bytes)
  → /home/administrator/solpulse-dashboard/report.md (2,038 bytes)

Status: HEALTHY | Health Score: 100/100
[1/4] Aggregating on-chain + off-chain data...
[2/4] Running anomaly detection engine...
[3/4] Writing machine-readable JSON...
[4/4] Writing human-readable Markdown...

✓ Reports generated:
  → /home/administrator/solpulse-dashboard/report.json (4,030 bytes)
  → /home/administrator/solpulse-dashboard/report.md (2,038 bytes)

Status: HEALTHY | Health Score: 100/100
[1/4] Aggregating on-chain + off-chain data...
[2/4] Running anomaly detection engine...
[3/4] Writing machine-readable JSON...
[4/4] Writing human-readable Markdown...

✓ Reports generated:
  → /home/administrator/solpulse-dashboard/report.json (4,028 bytes)
  → /home/administrator/solpulse-dashboard/report.md (2,037 bytes)

Status: HEALTHY | Health Score: 100/100
[1/4] Aggregating on-chain + off-chain data...
[2/4] Running anomaly detection engine...
[3/4] Writing machine-readable JSON...
[4/4] Writing human-readable Markdown...

✓ Reports generated:
  → /home/administrator/solpulse-dashboard/report.json (4,030 bytes)
  → /home/administrator/solpulse-dashboard/report.md (2,038 bytes)

Status: HEALTHY | Health Score: 100/100
[1/4] Aggregating on-chain + off-chain data...
[2/4] Running anomaly detection engine...
[3/4] Writing machine-readable JSON...
[4/4] Writing human-readable Markdown...

✓ Reports generated:
  → /home/administrator/solpulse-dashboard/report.json (4,030 bytes)
  → /home/administrator/solpulse-dashboard/report.md (2,038 bytes)

Status: HEALTHY | Health Score: 100/100
[1/4] Aggregating on-chain + off-chain data...
[2/4] Running anomaly detection engine...
[3/4] Writing machine-readable JSON...
[4/4] Writing human-readable Markdown...

✓ Reports generated:
  → /home/administrator/solpulse-dashboard/report.json (4,030 bytes)
  → /home/administrator/solpulse-dashboard/report.md (2,038 bytes)

Status: HEALTHY | Health Score: 100/100
[1/4] Aggregating on-chain + off-chain data...
[2/4] Running anomaly detection engine...
[3/4] Writing machine-readable JSON...
[4/4] Writing human-readable Markdown...

✓ Reports generated:
  → /home/administrator/solpulse-dashboard/report.json (4,030 bytes)
  → /home/administrator/solpulse-dashboard/report.md (2,038 bytes)

Status: HEALTHY | Health Score: 100/100
[1/4] Aggregating on-chain + off-chain data...
[2/4] Running anomaly detection engine...
[3/4] Writing machine-readable JSON...
[4/4] Writing human-readable Markdown...

✓ Reports generated:
  → /home/administrator/solpulse-dashboard/report.json (4,029 bytes)
  → /home/administrator/solpulse-dashboard/report.md (2,038 bytes)

Status: HEALTHY | Health Score: 100/100
[1/4] Aggregating on-chain + off-chain data...
[2/4] Running anomaly detection engine...
[3/4] Writing machine-readable JSON...
[4/4] Writing human-readable Markdown...

✓ Reports generated:
  → /home/administrator/solpulse-dashboard/report.json (4,028 bytes)
  → /home/administrator/solpulse-dashboard/report.md (2,038 bytes)

Status: HEALTHY | Health Score: 100/100
[1/4] Aggregating on-chain + off-chain data...
[2/4] Running anomaly detection engine...
[3/4] Writing machine-readable JSON...
[4/4] Writing human-readable Markdown...

✓ Reports generated:
  → /home/administrator/solpulse-dashboard/report.json (4,027 bytes)
  → /home/administrator/solpulse-dashboard/report.md (2,038 bytes)

Status: HEALTHY | Health Score: 100/100
[1/4] Aggregating on-chain + off-chain data...
[2/4] Running anomaly detection engine...
[3/4] Writing machine-readable JSON...
[4/4] Writing human-readable Markdown...

✓ Reports generated:
  → /home/administrator/solpulse-dashboard/report.json (4,028 bytes)
  → /home/administrator/solpulse-dashboard/report.md (2,038 bytes)

Status: HEALTHY | Health Score: 100/100
[1/4] Aggregating on-chain + off-chain data...
[2/4] Running anomaly detection engine...
[3/4] Writing machine-readable JSON...
[4/4] Writing human-readable Markdown...

✓ Reports generated:
  → /home/administrator/solpulse-dashboard/report.json (4,028 bytes)
  → /home/administrator/solpulse-dashboard/report.md (2,037 bytes)

Status: HEALTHY | Health Score: 100/100
[1/4] Aggregating on-chain + off-chain data...
[2/4] Running anomaly detection engine...
[3/4] Writing machine-readable JSON...
[4/4] Writing human-readable Markdown...

✓ Reports generated:
  → /home/administrator/solpulse-dashboard/report.json (4,029 bytes)
  → /home/administrator/solpulse-dashboard/report.md (2,038 bytes)

Status: HEALTHY | Health Score: 100/100
[1/4] Aggregating on-chain + off-chain data...
[2/4] Running anomaly detection engine...
[3/4] Writing machine-readable JSON...
[4/4] Writing human-readable Markdown...

✓ Reports generated:
  → /home/administrator/solpulse-dashboard/report.json (4,028 bytes)
  → /home/administrator/solpulse-dashboard/report.md (2,038 bytes)

Status: HEALTHY | Health Score: 100/100
[1/4] Aggregating on-chain + off-chain data...
[2/4] Running anomaly detection engine...
[3/4] Writing machine-readable JSON...
[4/4] Writing human-readable Markdown...

✓ Reports generated:
  → /home/administrator/solpulse-dashboard/report.json (4,029 bytes)
  → /home/administrator/solpulse-dashboard/report.md (2,038 bytes)

Status: HEALTHY | Health Score: 100/100
[1/4] Aggregating on-chain + off-chain data...
[2/4] Running anomaly detection engine...
[3/4] Writing machine-readable JSON...
[4/4] Writing human-readable Markdown...

✓ Reports generated:
  → /home/administrator/solpulse-dashboard/report.json (4,028 bytes)
  → /home/administrator/solpulse-dashboard/report.md (2,037 bytes)

Status: HEALTHY | Health Score: 100/100
[1/4] Aggregating on-chain + off-chain data...
[2/4] Running anomaly detection engine...
[3/4] Writing machine-readable JSON...
[4/4] Writing human-readable Markdown...

✓ Reports generated:
  → /home/administrator/solpulse-dashboard/report.json (4,029 bytes)
  → /home/administrator/solpulse-dashboard/report.md (2,038 bytes)

Status: HEALTHY | Health Score: 100/100
[1/4] Aggregating on-chain + off-chain data...
[2/4] Running anomaly detection engine...
[3/4] Writing machine-readable JSON...
[4/4] Writing human-readable Markdown...

✓ Reports generated:
  → /home/administrator/solpulse-dashboard/report.json (4,028 bytes)
  → /home/administrator/solpulse-dashboard/report.md (2,038 bytes)

Status: HEALTHY | Health Score: 100/100
[1/4] Aggregating on-chain + off-chain data...
[2/4] Running anomaly detection engine...
[3/4] Writing machine-readable JSON...
[4/4] Writing human-readable Markdown...

✓ Reports generated:
  → /home/administrator/solpulse-dashboard/report.json (4,027 bytes)
  → /home/administrator/solpulse-dashboard/report.md (2,038 bytes)

Status: HEALTHY | Health Score: 100/100
[1/4] Aggregating on-chain + off-chain data...
[2/4] Running anomaly detection engine...
[3/4] Writing machine-readable JSON...
[4/4] Writing human-readable Markdown...

✓ Reports generated:
  → /home/administrator/solpulse-dashboard/report.json (4,029 bytes)
  → /home/administrator/solpulse-dashboard/report.md (2,038 bytes)

Status: HEALTHY | Health Score: 100/100
[1/4] Aggregating on-chain + off-chain data...
[2/4] Running anomaly detection engine...
[3/4] Writing machine-readable JSON...
[4/4] Writing human-readable Markdown...

✓ Reports generated:
  → /home/administrator/solpulse-dashboard/report.json (4,028 bytes)
  → /home/administrator/solpulse-dashboard/report.md (2,038 bytes)

Status: HEALTHY | Health Score: 100/100
[1/4] Aggregating on-chain + off-chain data...
[2/4] Running anomaly detection engine...
[3/4] Writing machine-readable JSON...
[4/4] Writing human-readable Markdown...

✓ Reports generated:
  → /home/administrator/solpulse-dashboard/report.json (4,029 bytes)
  → /home/administrator/solpulse-dashboard/report.md (2,038 bytes)

Status: HEALTHY | Health Score: 100/100
[1/4] Aggregating on-chain + off-chain data...
[2/4] Running anomaly detection engine...
[3/4] Writing machine-readable JSON...
[4/4] Writing human-readable Markdown...

✓ Reports generated:
  → /home/administrator/solpulse-dashboard/report.json (4,029 bytes)
  → /home/administrator/solpulse-dashboard/report.md (2,038 bytes)

Status: HEALTHY | Health Score: 100/100
[1/4] Aggregating on-chain + off-chain data...
[2/4] Running anomaly detection engine...
[3/4] Writing machine-readable JSON...
[4/4] Writing human-readable Markdown...

✓ Reports generated:
  → /home/administrator/solpulse-dashboard/report.json (4,029 bytes)
  → /home/administrator/solpulse-dashboard/report.md (2,038 bytes)

Status: HEALTHY | Health Score: 100/100
[1/4] Aggregating on-chain + off-chain data...
[2/4] Running anomaly detection engine...
[3/4] Writing machine-readable JSON...
[4/4] Writing human-readable Markdown...

✓ Reports generated:
  → /home/administrator/solpulse-dashboard/report.json (4,029 bytes)
  → /home/administrator/solpulse-dashboard/report.md (2,038 bytes)

Status: HEALTHY | Health Score: 100/100
[1/4] Aggregating on-chain + off-chain data...
[2/4] Running anomaly detection engine...
[3/4] Writing machine-readable JSON...
[4/4] Writing human-readable Markdown...

✓ Reports generated:
  → /home/administrator/solpulse-dashboard/report.json (4,028 bytes)
  → /home/administrator/solpulse-dashboard/report.md (2,038 bytes)

Status: HEALTHY | Health Score: 100/100
[1/4] Aggregating on-chain + off-chain data...
[2/4] Running anomaly detection engine...
[3/4] Writing machine-readable JSON...
[4/4] Writing human-readable Markdown...

✓ Reports generated:
  → /home/administrator/solpulse-dashboard/report.json (4,028 bytes)
  → /home/administrator/solpulse-dashboard/report.md (2,037 bytes)

Status: HEALTHY | Health Score: 100/100
[1/4] Aggregating on-chain + off-chain data...
[2/4] Running anomaly detection engine...
[3/4] Writing machine-readable JSON...
[4/4] Writing human-readable Markdown...

✓ Reports generated:
  → /home/administrator/solpulse-dashboard/report.json (4,028 bytes)
  → /home/administrator/solpulse-dashboard/report.md (2,038 bytes)

Status: HEALTHY | Health Score: 100/100
[1/4] Aggregating on-chain + off-chain data...
[2/4] Running anomaly detection engine...
[3/4] Writing machine-readable JSON...
[4/4] Writing human-readable Markdown...

✓ Reports generated:
  → /home/administrator/solpulse-dashboard/report.json (4,028 bytes)
  → /home/administrator/solpulse-dashboard/report.md (2,038 bytes)

Status: HEALTHY | Health Score: 100/100
[1/4] Aggregating on-chain + off-chain data...
[2/4] Running anomaly detection engine...
[3/4] Writing machine-readable JSON...
[4/4] Writing human-readable Markdown...

✓ Reports generated:
  → /home/administrator/solpulse-dashboard/report.json (4,029 bytes)
  → /home/administrator/solpulse-dashboard/report.md (2,038 bytes)

Status: HEALTHY | Health Score: 100/100
[1/4] Aggregating on-chain + off-chain data...
[2/4] Running anomaly detection engine...
[3/4] Writing machine-readable JSON...
[4/4] Writing human-readable Markdown...

✓ Reports generated:
  → /home/administrator/solpulse-dashboard/report.json (4,028 bytes)
  → /home/administrator/solpulse-dashboard/report.md (2,038 bytes)

Status: HEALTHY | Health Score: 100/100
[1/4] Aggregating on-chain + off-chain data...
[2/4] Running anomaly detection engine...
[3/4] Writing machine-readable JSON...
[4/4] Writing human-readable Markdown...

✓ Reports generated:
  → /home/administrator/solpulse-dashboard/report.json (4,029 bytes)
  → /home/administrator/solpulse-dashboard/report.md (2,038 bytes)

Status: HEALTHY | Health Score: 100/100
[1/4] Aggregating on-chain + off-chain data...
[2/4] Running anomaly detection engine...
[3/4] Writing machine-readable JSON...
[4/4] Writing human-readable Markdown...

✓ Reports generated:
  → /home/administrator/solpulse-dashboard/report.json (4,029 bytes)
  → /home/administrator/solpulse-dashboard/report.md (2,038 bytes)

Status: HEALTHY | Health Score: 100/100
[1/4] Aggregating on-chain + off-chain data...
[2/4] Running anomaly detection engine...
[3/4] Writing machine-readable JSON...
[4/4] Writing human-readable Markdown...

✓ Reports generated:
  → /home/administrator/solpulse-dashboard/report.json (4,027 bytes)
  → /home/administrator/solpulse-dashboard/report.md (2,037 bytes)

Status: HEALTHY | Health Score: 100/100
[1/4] Aggregating on-chain + off-chain data...
[2/4] Running anomaly detection engine...
[3/4] Writing machine-readable JSON...
[4/4] Writing human-readable Markdown...

✓ Reports generated:
  → /home/administrator/solpulse-dashboard/report.json (4,028 bytes)
  → /home/administrator/solpulse-dashboard/report.md (2,038 bytes)

Status: HEALTHY | Health Score: 100/100
[1/4] Aggregating on-chain + off-chain data...
[2/4] Running anomaly detection engine...
[3/4] Writing machine-readable JSON...
[4/4] Writing human-readable Markdown...

✓ Reports generated:
  → /home/administrator/solpulse-dashboard/report.json (4,028 bytes)
  → /home/administrator/solpulse-dashboard/report.md (2,038 bytes)

Status: HEALTHY | Health Score: 100/100
[1/4] Aggregating on-chain + off-chain data...
[2/4] Running anomaly detection engine...
[3/4] Writing machine-readable JSON...
[4/4] Writing human-readable Markdown...

✓ Reports generated:
  → /home/administrator/solpulse-dashboard/report.json (4,028 bytes)
  → /home/administrator/solpulse-dashboard/report.md (2,038 bytes)

Status: HEALTHY | Health Score: 100/100
[1/4] Aggregating on-chain + off-chain data...
[2/4] Running anomaly detection engine...
[3/4] Writing machine-readable JSON...
[4/4] Writing human-readable Markdown...

✓ Reports generated:
  → /home/administrator/solpulse-dashboard/report.json (4,028 bytes)
  → /home/administrator/solpulse-dashboard/report.md (2,038 bytes)

Status: HEALTHY | Health Score: 100/100
[1/4] Aggregating on-chain + off-chain data...
[2/4] Running anomaly detection engine...
[3/4] Writing machine-readable JSON...
[4/4] Writing human-readable Markdown...

✓ Reports generated:
  → /home/administrator/solpulse-dashboard/report.json (4,028 bytes)
  → /home/administrator/solpulse-dashboard/report.md (2,038 bytes)

Status: HEALTHY | Health Score: 100/100
[1/4] Aggregating on-chain + off-chain data...
[2/4] Running anomaly detection engine...
[3/4] Writing machine-readable JSON...
[4/4] Writing human-readable Markdown...

✓ Reports generated:
  → /home/administrator/solpulse-dashboard/report.json (4,028 bytes)
  → /home/administrator/solpulse-dashboard/report.md (2,037 bytes)

Status: HEALTHY | Health Score: 100/100
[1/4] Aggregating on-chain + off-chain data...
[2/4] Running anomaly detection engine...
[3/4] Writing machine-readable JSON...
[4/4] Writing human-readable Markdown...

✓ Reports generated:
  → /home/administrator/solpulse-dashboard/report.json (4,029 bytes)
  → /home/administrator/solpulse-dashboard/report.md (2,038 bytes)

Status: HEALTHY | Health Score: 100/100
[1/4] Aggregating on-chain + off-chain data...
[2/4] Running anomaly detection engine...
[3/4] Writing machine-readable JSON...
[4/4] Writing human-readable Markdown...

✓ Reports generated:
  → /home/administrator/solpulse-dashboard/report.json (4,029 bytes)
  → /home/administrator/solpulse-dashboard/report.md (2,038 bytes)

Status: HEALTHY | Health Score: 100/100
[1/4] Aggregating on-chain + off-chain data...
[2/4] Running anomaly detection engine...
[3/4] Writing machine-readable JSON...
[4/4] Writing human-readable Markdown...

✓ Reports generated:
  → /home/administrator/solpulse-dashboard/report.json (4,028 bytes)
  → /home/administrator/solpulse-dashboard/report.md (2,038 bytes)

Status: HEALTHY | Health Score: 100/100
[1/4] Aggregating on-chain + off-chain data...
[2/4] Running anomaly detection engine...
[3/4] Writing machine-readable JSON...
[4/4] Writing human-readable Markdown...

✓ Reports generated:
  → /home/administrator/solpulse-dashboard/report.json (4,029 bytes)
  → /home/administrator/solpulse-dashboard/report.md (2,038 bytes)

Status: HEALTHY | Health Score: 100/100
[1/4] Aggregating on-chain + off-chain data...
[2/4] Running anomaly detection engine...
[3/4] Writing machine-readable JSON...
[4/4] Writing human-readable Markdown...

✓ Reports generated:
  → /home/administrator/solpulse-dashboard/report.json (4,028 bytes)
  → /home/administrator/solpulse-dashboard/report.md (2,038 bytes)

Status: HEALTHY | Health Score: 100/100
[1/4] Aggregating on-chain + off-chain data...
[2/4] Running anomaly detection engine...
[3/4] Writing machine-readable JSON...
[4/4] Writing human-readable Markdown...

✓ Reports generated:
  → /home/administrator/solpulse-dashboard/report.json (4,027 bytes)
  → /home/administrator/solpulse-dashboard/report.md (2,037 bytes)

Status: HEALTHY | Health Score: 100/100
[1/4] Aggregating on-chain + off-chain data...
[2/4] Running anomaly detection engine...
[3/4] Writing machine-readable JSON...
[4/4] Writing human-readable Markdown...

✓ Reports generated:
  → /home/administrator/solpulse-dashboard/report.json (4,029 bytes)
  → /home/administrator/solpulse-dashboard/report.md (2,038 bytes)

Status: HEALTHY | Health Score: 100/100
[1/4] Aggregating on-chain + off-chain data...
[2/4] Running anomaly detection engine...
[3/4] Writing machine-readable JSON...
[4/4] Writing human-readable Markdown...

✓ Reports generated:
  → /home/administrator/solpulse-dashboard/report.json (4,027 bytes)
  → /home/administrator/solpulse-dashboard/report.md (2,038 bytes)

Status: HEALTHY | Health Score: 100/100
[1/4] Aggregating on-chain + off-chain data...
[2/4] Running anomaly detection engine...
[3/4] Writing machine-readable JSON...
[4/4] Writing human-readable Markdown...

✓ Reports generated:
  → /home/administrator/solpulse-dashboard/report.json (4,028 bytes)
  → /home/administrator/solpulse-dashboard/report.md (2,038 bytes)

Status: HEALTHY | Health Score: 100/100
[1/4] Aggregating on-chain + off-chain data...
[2/4] Running anomaly detection engine...
[3/4] Writing machine-readable JSON...
[4/4] Writing human-readable Markdown...

✓ Reports generated:
  → /home/administrator/solpulse-dashboard/report.json (4,028 bytes)
  → /home/administrator/solpulse-dashboard/report.md (2,038 bytes)

Status: HEALTHY | Health Score: 100/100
[1/4] Aggregating on-chain + off-chain data...
[2/4] Running anomaly detection engine...
[3/4] Writing machine-readable JSON...
[4/4] Writing human-readable Markdown...

✓ Reports generated:
  → /home/administrator/solpulse-dashboard/report.json (4,029 bytes)
  → /home/administrator/solpulse-dashboard/report.md (2,038 bytes)

Status: HEALTHY | Health Score: 100/100
[1/4] Aggregating on-chain + off-chain data...
[2/4] Running anomaly detection engine...
[3/4] Writing machine-readable JSON...
[4/4] Writing human-readable Markdown...

✓ Reports generated:
  → /home/administrator/solpulse-dashboard/report.json (4,028 bytes)
  → /home/administrator/solpulse-dashboard/report.md (2,038 bytes)

Status: HEALTHY | Health Score: 100/100
[1/4] Aggregating on-chain + off-chain data...
[2/4] Running anomaly detection engine...
[3/4] Writing machine-readable JSON...
[4/4] Writing human-readable Markdown...

✓ Reports generated:
  → /home/administrator/solpulse-dashboard/report.json (4,029 bytes)
  → /home/administrator/solpulse-dashboard/report.md (2,038 bytes)

Status: HEALTHY | Health Score: 100/100
[1/4] Aggregating on-chain + off-chain data...
[2/4] Running anomaly detection engine...
[3/4] Writing machine-readable JSON...
[4/4] Writing human-readable Markdown...

✓ Reports generated:
  → /home/administrator/solpulse-dashboard/report.json (4,029 bytes)
  → /home/administrator/solpulse-dashboard/report.md (2,038 bytes)

Status: HEALTHY | Health Score: 100/100
[1/4] Aggregating on-chain + off-chain data...
[2/4] Running anomaly detection engine...
[3/4] Writing machine-readable JSON...
[4/4] Writing human-readable Markdown...

✓ Reports generated:
  → /home/administrator/solpulse-dashboard/report.json (4,028 bytes)
  → /home/administrator/solpulse-dashboard/report.md (2,038 bytes)

Status: HEALTHY | Health Score: 100/100
[1/4] Aggregating on-chain + off-chain data...
[2/4] Running anomaly detection engine...
[3/4] Writing machine-readable JSON...
[4/4] Writing human-readable Markdown...

✓ Reports generated:
  → /home/administrator/solpulse-dashboard/report.json (4,028 bytes)
  → /home/administrator/solpulse-dashboard/report.md (2,038 bytes)

Status: HEALTHY | Health Score: 100/100
[1/4] Aggregating on-chain + off-chain data...
[2/4] Running anomaly detection engine...
[3/4] Writing machine-readable JSON...
[4/4] Writing human-readable Markdown...

✓ Reports generated:
  → /home/administrator/solpulse-dashboard/report.json (4,028 bytes)
  → /home/administrator/solpulse-dashboard/report.md (2,038 bytes)

Status: HEALTHY | Health Score: 100/100
[1/4] Aggregating on-chain + off-chain data...
[2/4] Running anomaly detection engine...
[3/4] Writing machine-readable JSON...
[4/4] Writing human-readable Markdown...

✓ Reports generated:
  → /home/administrator/solpulse-dashboard/report.json (4,027 bytes)
  → /home/administrator/solpulse-dashboard/report.md (2,038 bytes)

Status: HEALTHY | Health Score: 100/100
[1/4] Aggregating on-chain + off-chain data...
[2/4] Running anomaly detection engine...
[3/4] Writing machine-readable JSON...
[4/4] Writing human-readable Markdown...

✓ Reports generated:
  → /home/administrator/solpulse-dashboard/report.json (4,028 bytes)
  → /home/administrator/solpulse-dashboard/report.md (2,037 bytes)

Status: HEALTHY | Health Score: 100/100
[1/4] Aggregating on-chain + off-chain data...
[2/4] Running anomaly detection engine...
[3/4] Writing machine-readable JSON...
[4/4] Writing human-readable Markdown...

✓ Reports generated:
  → /home/administrator/solpulse-dashboard/report.json (4,028 bytes)
  → /home/administrator/solpulse-dashboard/report.md (2,038 bytes)

Status: HEALTHY | Health Score: 100/100
[1/4] Aggregating on-chain + off-chain data...
[2/4] Running anomaly detection engine...
[3/4] Writing machine-readable JSON...
[4/4] Writing human-readable Markdown...

✓ Reports generated:
  → /home/administrator/solpulse-dashboard/report.json (4,029 bytes)
  → /home/administrator/solpulse-dashboard/report.md (2,038 bytes)

Status: HEALTHY | Health Score: 100/100
[1/4] Aggregating on-chain + off-chain data...
[2/4] Running anomaly detection engine...
[3/4] Writing machine-readable JSON...
[4/4] Writing human-readable Markdown...

✓ Reports generated:
  → /home/administrator/solpulse-dashboard/report.json (4,029 bytes)
  → /home/administrator/solpulse-dashboard/report.md (2,038 bytes)

Status: HEALTHY | Health Score: 100/100
[1/4] Aggregating on-chain + off-chain data...
[2/4] Running anomaly detection engine...
[3/4] Writing machine-readable JSON...
[4/4] Writing human-readable Markdown...

✓ Reports generated:
  → /home/administrator/solpulse-dashboard/report.json (4,029 bytes)
  → /home/administrator/solpulse-dashboard/report.md (2,038 bytes)

Status: HEALTHY | Health Score: 100/100
[1/4] Aggregating on-chain + off-chain data...
[2/4] Running anomaly detection engine...
[3/4] Writing machine-readable JSON...
[4/4] Writing human-readable Markdown...

✓ Reports generated:
  → /home/administrator/solpulse-dashboard/report.json (4,029 bytes)
  → /home/administrator/solpulse-dashboard/report.md (2,038 bytes)

Status: HEALTHY | Health Score: 100/100
[1/4] Aggregating on-chain + off-chain data...
[2/4] Running anomaly detection engine...
[3/4] Writing machine-readable JSON...
[4/4] Writing human-readable Markdown...

✓ Reports generated:
  → /home/administrator/solpulse-dashboard/report.json (4,029 bytes)
  → /home/administrator/solpulse-dashboard/report.md (2,038 bytes)

Status: HEALTHY | Health Score: 100/100
[1/4] Aggregating on-chain + off-chain data...
[2/4] Running anomaly detection engine...
[3/4] Writing machine-readable JSON...
[4/4] Writing human-readable Markdown...

✓ Reports generated:
  → /home/administrator/solpulse-dashboard/report.json (4,029 bytes)
  → /home/administrator/solpulse-dashboard/report.md (2,038 bytes)

Status: HEALTHY | Health Score: 100/100
[1/4] Aggregating on-chain + off-chain data...
[2/4] Running anomaly detection engine...
[3/4] Writing machine-readable JSON...
[4/4] Writing human-readable Markdown...

✓ Reports generated:
  → /home/administrator/solpulse-dashboard/report.json (4,028 bytes)
  → /home/administrator/solpulse-dashboard/report.md (2,038 bytes)

Status: HEALTHY | Health Score: 100/100
[1/4] Aggregating on-chain + off-chain data...
[2/4] Running anomaly detection engine...
[3/4] Writing machine-readable JSON...
[4/4] Writing human-readable Markdown...

✓ Reports generated:
  → /home/administrator/solpulse-dashboard/report.json (4,029 bytes)
  → /home/administrator/solpulse-dashboard/report.md (2,038 bytes)

Status: HEALTHY | Health Score: 100/100
[1/4] Aggregating on-chain + off-chain data...
[2/4] Running anomaly detection engine...
[3/4] Writing machine-readable JSON...
[4/4] Writing human-readable Markdown...

✓ Reports generated:
  → /home/administrator/solpulse-dashboard/report.json (4,026 bytes)
  → /home/administrator/solpulse-dashboard/report.md (2,038 bytes)

Status: HEALTHY | Health Score: 100/100
[1/4] Aggregating on-chain + off-chain data...
[2/4] Running anomaly detection engine...
[3/4] Writing machine-readable JSON...
[4/4] Writing human-readable Markdown...

✓ Reports generated:
  → /home/administrator/solpulse-dashboard/report.json (4,027 bytes)
  → /home/administrator/solpulse-dashboard/report.md (2,038 bytes)

Status: HEALTHY | Health Score: 100/100
[1/4] Aggregating on-chain + off-chain data...
[2/4] Running anomaly detection engine...
[3/4] Writing machine-readable JSON...
[4/4] Writing human-readable Markdown...

✓ Reports generated:
  → /home/administrator/solpulse-dashboard/report.json (4,027 bytes)
  → /home/administrator/solpulse-dashboard/report.md (2,037 bytes)

Status: HEALTHY | Health Score: 100/100
[1/4] Aggregating on-chain + off-chain data...
[2/4] Running anomaly detection engine...
[3/4] Writing machine-readable JSON...
[4/4] Writing human-readable Markdown...

✓ Reports generated:
  → /home/administrator/solpulse-dashboard/report.json (4,028 bytes)
  → /home/administrator/solpulse-dashboard/report.md (2,038 bytes)

Status: HEALTHY | Health Score: 100/100
[1/4] Aggregating on-chain + off-chain data...
[2/4] Running anomaly detection engine...
[3/4] Writing machine-readable JSON...
[4/4] Writing human-readable Markdown...

✓ Reports generated:
  → /home/administrator/solpulse-dashboard/report.json (4,027 bytes)
  → /home/administrator/solpulse-dashboard/report.md (2,038 bytes)

Status: HEALTHY | Health Score: 100/100
[1/4] Aggregating on-chain + off-chain data...
[2/4] Running anomaly detection engine...
[3/4] Writing machine-readable JSON...
[4/4] Writing human-readable Markdown...

✓ Reports generated:
  → /home/administrator/solpulse-dashboard/report.json (4,028 bytes)
  → /home/administrator/solpulse-dashboard/report.md (2,038 bytes)

Status: HEALTHY | Health Score: 100/100
[1/4] Aggregating on-chain + off-chain data...
[2/4] Running anomaly detection engine...
[3/4] Writing machine-readable JSON...
[4/4] Writing human-readable Markdown...

✓ Reports generated:
  → /home/administrator/solpulse-dashboard/report.json (4,028 bytes)
  → /home/administrator/solpulse-dashboard/report.md (2,038 bytes)

Status: HEALTHY | Health Score: 100/100
[1/4] Aggregating on-chain + off-chain data...
[2/4] Running anomaly detection engine...
[3/4] Writing machine-readable JSON...
[4/4] Writing human-readable Markdown...

✓ Reports generated:
  → /home/administrator/solpulse-dashboard/report.json (4,028 bytes)
  → /home/administrator/solpulse-dashboard/report.md (2,038 bytes)

Status: HEALTHY | Health Score: 100/100
[1/4] Aggregating on-chain + off-chain data...
[2/4] Running anomaly detection engine...
[3/4] Writing machine-readable JSON...
[4/4] Writing human-readable Markdown...

✓ Reports generated:
  → /home/administrator/solpulse-dashboard/report.json (4,027 bytes)
  → /home/administrator/solpulse-dashboard/report.md (2,038 bytes)

Status: HEALTHY | Health Score: 100/100
[1/4] Aggregating on-chain + off-chain data...
[2/4] Running anomaly detection engine...
[3/4] Writing machine-readable JSON...
[4/4] Writing human-readable Markdown...

✓ Reports generated:
  → /home/administrator/solpulse-dashboard/report.json (4,028 bytes)
  → /home/administrator/solpulse-dashboard/report.md (2,038 bytes)

Status: HEALTHY | Health Score: 100/100
[1/4] Aggregating on-chain + off-chain data...
[2/4] Running anomaly detection engine...
[3/4] Writing machine-readable JSON...
[4/4] Writing human-readable Markdown...

✓ Reports generated:
  → /home/administrator/solpulse-dashboard/report.json (4,027 bytes)
  → /home/administrator/solpulse-dashboard/report.md (2,037 bytes)

Status: HEALTHY | Health Score: 100/100
[1/4] Aggregating on-chain + off-chain data...
[2/4] Running anomaly detection engine...
[3/4] Writing machine-readable JSON...
[4/4] Writing human-readable Markdown...

✓ Reports generated:
  → /home/administrator/solpulse-dashboard/report.json (4,028 bytes)
  → /home/administrator/solpulse-dashboard/report.md (2,038 bytes)

Status: HEALTHY | Health Score: 100/100
[1/4] Aggregating on-chain + off-chain data...
[2/4] Running anomaly detection engine...
[3/4] Writing machine-readable JSON...
[4/4] Writing human-readable Markdown...

✓ Reports generated:
  → /home/administrator/solpulse-dashboard/report.json (4,027 bytes)
  → /home/administrator/solpulse-dashboard/report.md (2,038 bytes)

Status: HEALTHY | Health Score: 100/100
[1/4] Aggregating on-chain + off-chain data...
[2/4] Running anomaly detection engine...
[3/4] Writing machine-readable JSON...
[4/4] Writing human-readable Markdown...

✓ Reports generated:
  → /home/administrator/solpulse-dashboard/report.json (4,028 bytes)
  → /home/administrator/solpulse-dashboard/report.md (2,038 bytes)

Status: HEALTHY | Health Score: 100/100
[1/4] Aggregating on-chain + off-chain data...
[2/4] Running anomaly detection engine...
[3/4] Writing machine-readable JSON...
[4/4] Writing human-readable Markdown...

✓ Reports generated:
  → /home/administrator/solpulse-dashboard/report.json (4,026 bytes)
  → /home/administrator/solpulse-dashboard/report.md (2,037 bytes)

Status: HEALTHY | Health Score: 100/100
[1/4] Aggregating on-chain + off-chain data...
[2/4] Running anomaly detection engine...
[3/4] Writing machine-readable JSON...
[4/4] Writing human-readable Markdown...

✓ Reports generated:
  → /home/administrator/solpulse-dashboard/report.json (4,028 bytes)
  → /home/administrator/solpulse-dashboard/report.md (2,037 bytes)

Status: HEALTHY | Health Score: 100/100
[1/4] Aggregating on-chain + off-chain data...
[2/4] Running anomaly detection engine...
[3/4] Writing machine-readable JSON...
[4/4] Writing human-readable Markdown...

✓ Reports generated:
  → /home/administrator/solpulse-dashboard/report.json (4,028 bytes)
  → /home/administrator/solpulse-dashboard/report.md (2,038 bytes)

Status: HEALTHY | Health Score: 100/100
[1/4] Aggregating on-chain + off-chain data...
[2/4] Running anomaly detection engine...
[3/4] Writing machine-readable JSON...
[4/4] Writing human-readable Markdown...

✓ Reports generated:
  → /home/administrator/solpulse-dashboard/report.json (4,029 bytes)
  → /home/administrator/solpulse-dashboard/report.md (2,038 bytes)

Status: HEALTHY | Health Score: 100/100
[1/4] Aggregating on-chain + off-chain data...
[2/4] Running anomaly detection engine...
[3/4] Writing machine-readable JSON...
[4/4] Writing human-readable Markdown...

✓ Reports generated:
  → /home/administrator/solpulse-dashboard/report.json (4,029 bytes)
  → /home/administrator/solpulse-dashboard/report.md (2,038 bytes)

Status: HEALTHY | Health Score: 100/100
[1/4] Aggregating on-chain + off-chain data...
[2/4] Running anomaly detection engine...
[3/4] Writing machine-readable JSON...
[4/4] Writing human-readable Markdown...

✓ Reports generated:
  → /home/administrator/solpulse-dashboard/report.json (4,029 bytes)
  → /home/administrator/solpulse-dashboard/report.md (2,038 bytes)

Status: HEALTHY | Health Score: 100/100
[1/4] Aggregating on-chain + off-chain data...
[2/4] Running anomaly detection engine...
[3/4] Writing machine-readable JSON...
[4/4] Writing human-readable Markdown...

✓ Reports generated:
  → /home/administrator/solpulse-dashboard/report.json (4,027 bytes)
  → /home/administrator/solpulse-dashboard/report.md (2,037 bytes)

Status: HEALTHY | Health Score: 100/100
[1/4] Aggregating on-chain + off-chain data...
[2/4] Running anomaly detection engine...
[3/4] Writing machine-readable JSON...
[4/4] Writing human-readable Markdown...

✓ Reports generated:
  → /home/administrator/solpulse-dashboard/report.json (4,025 bytes)
  → /home/administrator/solpulse-dashboard/report.md (2,037 bytes)

Status: HEALTHY | Health Score: 100/100
[1/4] Aggregating on-chain + off-chain data...
[2/4] Running anomaly detection engine...
[3/4] Writing machine-readable JSON...
[4/4] Writing human-readable Markdown...

✓ Reports generated:
  → /home/administrator/solpulse-dashboard/report.json (4,029 bytes)
  → /home/administrator/solpulse-dashboard/report.md (2,038 bytes)

Status: HEALTHY | Health Score: 100/100
[1/4] Aggregating on-chain + off-chain data...
[2/4] Running anomaly detection engine...
[3/4] Writing machine-readable JSON...
[4/4] Writing human-readable Markdown...

✓ Reports generated:
  → /home/administrator/solpulse-dashboard/report.json (4,029 bytes)
  → /home/administrator/solpulse-dashboard/report.md (2,038 bytes)

Status: HEALTHY | Health Score: 100/100
[1/4] Aggregating on-chain + off-chain data...
[2/4] Running anomaly detection engine...
[3/4] Writing machine-readable JSON...
[4/4] Writing human-readable Markdown...

✓ Reports generated:
  → /home/administrator/solpulse-dashboard/report.json (4,029 bytes)
  → /home/administrator/solpulse-dashboard/report.md (2,038 bytes)

Status: HEALTHY | Health Score: 100/100
[1/4] Aggregating on-chain + off-chain data...
[2/4] Running anomaly detection engine...
[3/4] Writing machine-readable JSON...
[4/4] Writing human-readable Markdown...

✓ Reports generated:
  → /home/administrator/solpulse-dashboard/report.json (4,029 bytes)
  → /home/administrator/solpulse-dashboard/report.md (2,038 bytes)

Status: HEALTHY | Health Score: 100/100
[1/4] Aggregating on-chain + off-chain data...
[2/4] Running anomaly detection engine...
[3/4] Writing machine-readable JSON...
[4/4] Writing human-readable Markdown...

✓ Reports generated:
  → /home/administrator/solpulse-dashboard/report.json (4,029 bytes)
  → /home/administrator/solpulse-dashboard/report.md (2,038 bytes)

Status: HEALTHY | Health Score: 100/100
[1/4] Aggregating on-chain + off-chain data...
[2/4] Running anomaly detection engine...
[3/4] Writing machine-readable JSON...
[4/4] Writing human-readable Markdown...

✓ Reports generated:
  → /home/administrator/solpulse-dashboard/report.json (4,027 bytes)
  → /home/administrator/solpulse-dashboard/report.md (2,037 bytes)

Status: HEALTHY | Health Score: 100/100
[1/4] Aggregating on-chain + off-chain data...
[2/4] Running anomaly detection engine...
[3/4] Writing machine-readable JSON...
[4/4] Writing human-readable Markdown...

✓ Reports generated:
  → /home/administrator/solpulse-dashboard/report.json (4,027 bytes)
  → /home/administrator/solpulse-dashboard/report.md (2,038 bytes)

Status: HEALTHY | Health Score: 100/100
[1/4] Aggregating on-chain + off-chain data...
[2/4] Running anomaly detection engine...
[3/4] Writing machine-readable JSON...
[4/4] Writing human-readable Markdown...

✓ Reports generated:
  → /home/administrator/solpulse-dashboard/report.json (4,029 bytes)
  → /home/administrator/solpulse-dashboard/report.md (2,038 bytes)

Status: HEALTHY | Health Score: 100/100
[1/4] Aggregating on-chain + off-chain data...
[2/4] Running anomaly detection engine...
[3/4] Writing machine-readable JSON...
[4/4] Writing human-readable Markdown...

✓ Reports generated:
  → /home/administrator/solpulse-dashboard/report.json (4,029 bytes)
  → /home/administrator/solpulse-dashboard/report.md (2,038 bytes)

Status: HEALTHY | Health Score: 100/100
[1/4] Aggregating on-chain + off-chain data...
[2/4] Running anomaly detection engine...
[3/4] Writing machine-readable JSON...
[4/4] Writing human-readable Markdown...

✓ Reports generated:
  → /home/administrator/solpulse-dashboard/report.json (4,028 bytes)
  → /home/administrator/solpulse-dashboard/report.md (2,038 bytes)

Status: HEALTHY | Health Score: 100/100
[1/4] Aggregating on-chain + off-chain data...
[2/4] Running anomaly detection engine...
[3/4] Writing machine-readable JSON...
[4/4] Writing human-readable Markdown...

✓ Reports generated:
  → /home/administrator/solpulse-dashboard/report.json (4,028 bytes)
  → /home/administrator/solpulse-dashboard/report.md (2,038 bytes)

Status: HEALTHY | Health Score: 100/100
[1/4] Aggregating on-chain + off-chain data...
[2/4] Running anomaly detection engine...
[3/4] Writing machine-readable JSON...
[4/4] Writing human-readable Markdown...

✓ Reports generated:
  → /home/administrator/solpulse-dashboard/report.json (4,028 bytes)
  → /home/administrator/solpulse-dashboard/report.md (2,038 bytes)

Status: HEALTHY | Health Score: 100/100
[1/4] Aggregating on-chain + off-chain data...
[2/4] Running anomaly detection engine...
[3/4] Writing machine-readable JSON...
[4/4] Writing human-readable Markdown...

✓ Reports generated:
  → /home/administrator/solpulse-dashboard/report.json (4,027 bytes)
  → /home/administrator/solpulse-dashboard/report.md (2,037 bytes)

Status: HEALTHY | Health Score: 100/100
[1/4] Aggregating on-chain + off-chain data...
[2/4] Running anomaly detection engine...
[3/4] Writing machine-readable JSON...
[4/4] Writing human-readable Markdown...

✓ Reports generated:
  → /home/administrator/solpulse-dashboard/report.json (4,027 bytes)
  → /home/administrator/solpulse-dashboard/report.md (2,038 bytes)

Status: HEALTHY | Health Score: 100/100
[1/4] Aggregating on-chain + off-chain data...
[2/4] Running anomaly detection engine...
[3/4] Writing machine-readable JSON...
[4/4] Writing human-readable Markdown...

✓ Reports generated:
  → /home/administrator/solpulse-dashboard/report.json (4,029 bytes)
  → /home/administrator/solpulse-dashboard/report.md (2,038 bytes)

Status: HEALTHY | Health Score: 100/100
[1/4] Aggregating on-chain + off-chain data...
[2/4] Running anomaly detection engine...
[3/4] Writing machine-readable JSON...
[4/4] Writing human-readable Markdown...

✓ Reports generated:
  → /home/administrator/solpulse-dashboard/report.json (4,029 bytes)
  → /home/administrator/solpulse-dashboard/report.md (2,038 bytes)

Status: HEALTHY | Health Score: 100/100
[1/4] Aggregating on-chain + off-chain data...
[2/4] Running anomaly detection engine...
[3/4] Writing machine-readable JSON...
[4/4] Writing human-readable Markdown...

✓ Reports generated:
  → /home/administrator/solpulse-dashboard/report.json (4,029 bytes)
  → /home/administrator/solpulse-dashboard/report.md (2,038 bytes)

Status: HEALTHY | Health Score: 100/100
[1/4] Aggregating on-chain + off-chain data...
[2/4] Running anomaly detection engine...
[3/4] Writing machine-readable JSON...
[4/4] Writing human-readable Markdown...

✓ Reports generated:
  → /home/administrator/solpulse-dashboard/report.json (4,028 bytes)
  → /home/administrator/solpulse-dashboard/report.md (2,038 bytes)

Status: HEALTHY | Health Score: 100/100
[1/4] Aggregating on-chain + off-chain data...
[2/4] Running anomaly detection engine...
[3/4] Writing machine-readable JSON...
[4/4] Writing human-readable Markdown...

✓ Reports generated:
  → /home/administrator/solpulse-dashboard/report.json (4,027 bytes)
  → /home/administrator/solpulse-dashboard/report.md (2,037 bytes)

Status: HEALTHY | Health Score: 100/100
[1/4] Aggregating on-chain + off-chain data...
[2/4] Running anomaly detection engine...
[3/4] Writing machine-readable JSON...
[4/4] Writing human-readable Markdown...

✓ Reports generated:
  → /home/administrator/solpulse-dashboard/report.json (4,029 bytes)
  → /home/administrator/solpulse-dashboard/report.md (2,038 bytes)

Status: HEALTHY | Health Score: 100/100
[1/4] Aggregating on-chain + off-chain data...
[2/4] Running anomaly detection engine...
[3/4] Writing machine-readable JSON...
[4/4] Writing human-readable Markdown...

✓ Reports generated:
  → /home/administrator/solpulse-dashboard/report.json (4,028 bytes)
  → /home/administrator/solpulse-dashboard/report.md (2,037 bytes)

Status: HEALTHY | Health Score: 100/100
[1/4] Aggregating on-chain + off-chain data...
[2/4] Running anomaly detection engine...
[3/4] Writing machine-readable JSON...
[4/4] Writing human-readable Markdown...

✓ Reports generated:
  → /home/administrator/solpulse-dashboard/report.json (4,029 bytes)
  → /home/administrator/solpulse-dashboard/report.md (2,038 bytes)

Status: HEALTHY | Health Score: 100/100
[1/4] Aggregating on-chain + off-chain data...
[2/4] Running anomaly detection engine...
[3/4] Writing machine-readable JSON...
[4/4] Writing human-readable Markdown...

✓ Reports generated:
  → /home/administrator/solpulse-dashboard/report.json (4,028 bytes)
  → /home/administrator/solpulse-dashboard/report.md (2,037 bytes)

Status: HEALTHY | Health Score: 100/100
[1/4] Aggregating on-chain + off-chain data...
[2/4] Running anomaly detection engine...
[3/4] Writing machine-readable JSON...
[4/4] Writing human-readable Markdown...

✓ Reports generated:
  → /home/administrator/solpulse-dashboard/report.json (4,028 bytes)
  → /home/administrator/solpulse-dashboard/report.md (2,038 bytes)

Status: HEALTHY | Health Score: 100/100
[1/4] Aggregating on-chain + off-chain data...
[2/4] Running anomaly detection engine...
[3/4] Writing machine-readable JSON...
[4/4] Writing human-readable Markdown...

✓ Reports generated:
  → /home/administrator/solpulse-dashboard/report.json (4,029 bytes)
  → /home/administrator/solpulse-dashboard/report.md (2,038 bytes)

Status: HEALTHY | Health Score: 100/100
[1/4] Aggregating on-chain + off-chain data...
[2/4] Running anomaly detection engine...
[3/4] Writing machine-readable JSON...
[4/4] Writing human-readable Markdown...

✓ Reports generated:
  → /home/administrator/solpulse-dashboard/report.json (4,029 bytes)
  → /home/administrator/solpulse-dashboard/report.md (2,038 bytes)

Status: HEALTHY | Health Score: 100/100
[1/4] Aggregating on-chain + off-chain data...
[2/4] Running anomaly detection engine...
[3/4] Writing machine-readable JSON...
[4/4] Writing human-readable Markdown...

✓ Reports generated:
  → /home/administrator/solpulse-dashboard/report.json (4,029 bytes)
  → /home/administrator/solpulse-dashboard/report.md (2,038 bytes)

Status: HEALTHY | Health Score: 100/100
[1/4] Aggregating on-chain + off-chain data...
[2/4] Running anomaly detection engine...
[3/4] Writing machine-readable JSON...
[4/4] Writing human-readable Markdown...

✓ Reports generated:
  → /home/administrator/solpulse-dashboard/report.json (4,029 bytes)
  → /home/administrator/solpulse-dashboard/report.md (2,038 bytes)

Status: HEALTHY | Health Score: 100/100
[1/4] Aggregating on-chain + off-chain data...
[2/4] Running anomaly detection engine...
[3/4] Writing machine-readable JSON...
[4/4] Writing human-readable Markdown...

✓ Reports generated:
  → /home/administrator/solpulse-dashboard/report.json (4,028 bytes)
  → /home/administrator/solpulse-dashboard/report.md (2,038 bytes)

Status: HEALTHY | Health Score: 100/100
[1/4] Aggregating on-chain + off-chain data...
[2/4] Running anomaly detection engine...
[3/4] Writing machine-readable JSON...
[4/4] Writing human-readable Markdown...

✓ Reports generated:
  → /home/administrator/solpulse-dashboard/report.json (4,029 bytes)
  → /home/administrator/solpulse-dashboard/report.md (2,038 bytes)

Status: HEALTHY | Health Score: 100/100
[1/4] Aggregating on-chain + off-chain data...
[2/4] Running anomaly detection engine...
[3/4] Writing machine-readable JSON...
[4/4] Writing human-readable Markdown...

✓ Reports generated:
  → /home/administrator/solpulse-dashboard/report.json (4,029 bytes)
  → /home/administrator/solpulse-dashboard/report.md (2,038 bytes)

Status: HEALTHY | Health Score: 100/100
[1/4] Aggregating on-chain + off-chain data...
[2/4] Running anomaly detection engine...
[3/4] Writing machine-readable JSON...
[4/4] Writing human-readable Markdown...

✓ Reports generated:
  → /home/administrator/solpulse-dashboard/report.json (4,028 bytes)
  → /home/administrator/solpulse-dashboard/report.md (2,037 bytes)

Status: HEALTHY | Health Score: 100/100
[1/4] Aggregating on-chain + off-chain data...
[2/4] Running anomaly detection engine...
[3/4] Writing machine-readable JSON...
[4/4] Writing human-readable Markdown...

✓ Reports generated:
  → /home/administrator/solpulse-dashboard/report.json (4,029 bytes)
  → /home/administrator/solpulse-dashboard/report.md (2,038 bytes)

Status: HEALTHY | Health Score: 100/100
[1/4] Aggregating on-chain + off-chain data...
[2/4] Running anomaly detection engine...
[3/4] Writing machine-readable JSON...
[4/4] Writing human-readable Markdown...

✓ Reports generated:
  → /home/administrator/solpulse-dashboard/report.json (4,029 bytes)
  → /home/administrator/solpulse-dashboard/report.md (2,038 bytes)

Status: HEALTHY | Health Score: 100/100
[1/4] Aggregating on-chain + off-chain data...
[2/4] Running anomaly detection engine...
[3/4] Writing machine-readable JSON...
[4/4] Writing human-readable Markdown...

✓ Reports generated:
  → /home/administrator/solpulse-dashboard/report.json (4,028 bytes)
  → /home/administrator/solpulse-dashboard/report.md (2,038 bytes)

Status: HEALTHY | Health Score: 100/100
[1/4] Aggregating on-chain + off-chain data...
[2/4] Running anomaly detection engine...
[3/4] Writing machine-readable JSON...
[4/4] Writing human-readable Markdown...

✓ Reports generated:
  → /home/administrator/solpulse-dashboard/report.json (4,028 bytes)
  → /home/administrator/solpulse-dashboard/report.md (2,038 bytes)

Status: HEALTHY | Health Score: 100/100
[1/4] Aggregating on-chain + off-chain data...
[2/4] Running anomaly detection engine...
[3/4] Writing machine-readable JSON...
[4/4] Writing human-readable Markdown...

✓ Reports generated:
  → /home/administrator/solpulse-dashboard/report.json (4,029 bytes)
  → /home/administrator/solpulse-dashboard/report.md (2,038 bytes)

Status: HEALTHY | Health Score: 100/100
[1/4] Aggregating on-chain + off-chain data...
[2/4] Running anomaly detection engine...
[3/4] Writing machine-readable JSON...
[4/4] Writing human-readable Markdown...

✓ Reports generated:
  → /home/administrator/solpulse-dashboard/report.json (4,027 bytes)
  → /home/administrator/solpulse-dashboard/report.md (2,037 bytes)

Status: HEALTHY | Health Score: 100/100
[1/4] Aggregating on-chain + off-chain data...
[2/4] Running anomaly detection engine...
[3/4] Writing machine-readable JSON...
[4/4] Writing human-readable Markdown...

✓ Reports generated:
  → /home/administrator/solpulse-dashboard/report.json (4,028 bytes)
  → /home/administrator/solpulse-dashboard/report.md (2,038 bytes)

Status: HEALTHY | Health Score: 100/100
[1/4] Aggregating on-chain + off-chain data...
[2/4] Running anomaly detection engine...
[3/4] Writing machine-readable JSON...
[4/4] Writing human-readable Markdown...

✓ Reports generated:
  → /home/administrator/solpulse-dashboard/report.json (4,029 bytes)
  → /home/administrator/solpulse-dashboard/report.md (2,038 bytes)

Status: HEALTHY | Health Score: 100/100
[1/4] Aggregating on-chain + off-chain data...
[2/4] Running anomaly detection engine...
[3/4] Writing machine-readable JSON...
[4/4] Writing human-readable Markdown...

✓ Reports generated:
  → /home/administrator/solpulse-dashboard/report.json (4,029 bytes)
  → /home/administrator/solpulse-dashboard/report.md (2,038 bytes)

Status: HEALTHY | Health Score: 100/100
[1/4] Aggregating on-chain + off-chain data...
[2/4] Running anomaly detection engine...
[3/4] Writing machine-readable JSON...
[4/4] Writing human-readable Markdown...

✓ Reports generated:
  → /home/administrator/solpulse-dashboard/report.json (4,029 bytes)
  → /home/administrator/solpulse-dashboard/report.md (2,038 bytes)

Status: HEALTHY | Health Score: 100/100
[1/4] Aggregating on-chain + off-chain data...
[2/4] Running anomaly detection engine...
[3/4] Writing machine-readable JSON...
[4/4] Writing human-readable Markdown...

✓ Reports generated:
  → /home/administrator/solpulse-dashboard/report.json (4,028 bytes)
  → /home/administrator/solpulse-dashboard/report.md (2,038 bytes)

Status: HEALTHY | Health Score: 100/100
[1/4] Aggregating on-chain + off-chain data...
[2/4] Running anomaly detection engine...
[3/4] Writing machine-readable JSON...
[4/4] Writing human-readable Markdown...

✓ Reports generated:
  → /home/administrator/solpulse-dashboard/report.json (4,027 bytes)
  → /home/administrator/solpulse-dashboard/report.md (2,037 bytes)

Status: HEALTHY | Health Score: 100/100
[1/4] Aggregating on-chain + off-chain data...
[2/4] Running anomaly detection engine...
[3/4] Writing machine-readable JSON...
[4/4] Writing human-readable Markdown...

✓ Reports generated:
  → /home/administrator/solpulse-dashboard/report.json (4,028 bytes)
  → /home/administrator/solpulse-dashboard/report.md (2,038 bytes)

Status: HEALTHY | Health Score: 100/100
[1/4] Aggregating on-chain + off-chain data...
[2/4] Running anomaly detection engine...
[3/4] Writing machine-readable JSON...
[4/4] Writing human-readable Markdown...

✓ Reports generated:
  → /home/administrator/solpulse-dashboard/report.json (4,029 bytes)
  → /home/administrator/solpulse-dashboard/report.md (2,038 bytes)

Status: HEALTHY | Health Score: 100/100
[1/4] Aggregating on-chain + off-chain data...
[2/4] Running anomaly detection engine...
[3/4] Writing machine-readable JSON...
[4/4] Writing human-readable Markdown...

✓ Reports generated:
  → /home/administrator/solpulse-dashboard/report.json (4,029 bytes)
  → /home/administrator/solpulse-dashboard/report.md (2,038 bytes)

Status: HEALTHY | Health Score: 100/100
[1/4] Aggregating on-chain + off-chain data...
[2/4] Running anomaly detection engine...
[3/4] Writing machine-readable JSON...
[4/4] Writing human-readable Markdown...

✓ Reports generated:
  → /home/administrator/solpulse-dashboard/report.json (4,029 bytes)
  → /home/administrator/solpulse-dashboard/report.md (2,038 bytes)

Status: HEALTHY | Health Score: 100/100
[1/4] Aggregating on-chain + off-chain data...
[2/4] Running anomaly detection engine...
[3/4] Writing machine-readable JSON...
[4/4] Writing human-readable Markdown...

✓ Reports generated:
  → /home/administrator/solpulse-dashboard/report.json (4,028 bytes)
  → /home/administrator/solpulse-dashboard/report.md (2,038 bytes)

Status: HEALTHY | Health Score: 100/100
[1/4] Aggregating on-chain + off-chain data...
[2/4] Running anomaly detection engine...
[3/4] Writing machine-readable JSON...
[4/4] Writing human-readable Markdown...

✓ Reports generated:
  → /home/administrator/solpulse-dashboard/report.json (4,028 bytes)
  → /home/administrator/solpulse-dashboard/report.md (2,037 bytes)

Status: HEALTHY | Health Score: 100/100
[1/4] Aggregating on-chain + off-chain data...
[2/4] Running anomaly detection engine...
[3/4] Writing machine-readable JSON...
[4/4] Writing human-readable Markdown...

✓ Reports generated:
  → /home/administrator/solpulse-dashboard/report.json (4,029 bytes)
  → /home/administrator/solpulse-dashboard/report.md (2,038 bytes)

Status: HEALTHY | Health Score: 100/100
[1/4] Aggregating on-chain + off-chain data...
[2/4] Running anomaly detection engine...
[3/4] Writing machine-readable JSON...
[4/4] Writing human-readable Markdown...

✓ Reports generated:
  → /home/administrator/solpulse-dashboard/report.json (4,028 bytes)
  → /home/administrator/solpulse-dashboard/report.md (2,038 bytes)

Status: HEALTHY | Health Score: 100/100
[1/4] Aggregating on-chain + off-chain data...
[2/4] Running anomaly detection engine...
[3/4] Writing machine-readable JSON...
[4/4] Writing human-readable Markdown...

✓ Reports generated:
  → /home/administrator/solpulse-dashboard/report.json (4,028 bytes)
  → /home/administrator/solpulse-dashboard/report.md (2,038 bytes)

Status: HEALTHY | Health Score: 100/100
[1/4] Aggregating on-chain + off-chain data...
[2/4] Running anomaly detection engine...
[3/4] Writing machine-readable JSON...
[4/4] Writing human-readable Markdown...

✓ Reports generated:
  → /home/administrator/solpulse-dashboard/report.json (4,027 bytes)
  → /home/administrator/solpulse-dashboard/report.md (2,037 bytes)

Status: HEALTHY | Health Score: 100/100
[1/4] Aggregating on-chain + off-chain data...
[2/4] Running anomaly detection engine...
[3/4] Writing machine-readable JSON...
[4/4] Writing human-readable Markdown...

✓ Reports generated:
  → /home/administrator/solpulse-dashboard/report.json (4,029 bytes)
  → /home/administrator/solpulse-dashboard/report.md (2,038 bytes)

Status: HEALTHY | Health Score: 100/100
[1/4] Aggregating on-chain + off-chain data...
[2/4] Running anomaly detection engine...
[3/4] Writing machine-readable JSON...
[4/4] Writing human-readable Markdown...

✓ Reports generated:
  → /home/administrator/solpulse-dashboard/report.json (4,028 bytes)
  → /home/administrator/solpulse-dashboard/report.md (2,038 bytes)

Status: HEALTHY | Health Score: 100/100
[1/4] Aggregating on-chain + off-chain data...
[2/4] Running anomaly detection engine...
[3/4] Writing machine-readable JSON...
[4/4] Writing human-readable Markdown...

✓ Reports generated:
  → /home/administrator/solpulse-dashboard/report.json (4,027 bytes)
  → /home/administrator/solpulse-dashboard/report.md (2,036 bytes)

Status: HEALTHY | Health Score: 100/100
[1/4] Aggregating on-chain + off-chain data...
[2/4] Running anomaly detection engine...
[3/4] Writing machine-readable JSON...
[4/4] Writing human-readable Markdown...

✓ Reports generated:
  → /home/administrator/solpulse-dashboard/report.json (4,029 bytes)
  → /home/administrator/solpulse-dashboard/report.md (2,038 bytes)

Status: HEALTHY | Health Score: 100/100
[1/4] Aggregating on-chain + off-chain data...
[2/4] Running anomaly detection engine...
[3/4] Writing machine-readable JSON...
[4/4] Writing human-readable Markdown...

✓ Reports generated:
  → /home/administrator/solpulse-dashboard/report.json (4,029 bytes)
  → /home/administrator/solpulse-dashboard/report.md (2,038 bytes)

Status: HEALTHY | Health Score: 100/100
[1/4] Aggregating on-chain + off-chain data...
[2/4] Running anomaly detection engine...
[3/4] Writing machine-readable JSON...
[4/4] Writing human-readable Markdown...

✓ Reports generated:
  → /home/administrator/solpulse-dashboard/report.json (4,029 bytes)
  → /home/administrator/solpulse-dashboard/report.md (2,038 bytes)

Status: HEALTHY | Health Score: 100/100
[1/4] Aggregating on-chain + off-chain data...
[2/4] Running anomaly detection engine...
[3/4] Writing machine-readable JSON...
[4/4] Writing human-readable Markdown...

✓ Reports generated:
  → /home/administrator/solpulse-dashboard/report.json (4,027 bytes)
  → /home/administrator/solpulse-dashboard/report.md (2,038 bytes)

Status: HEALTHY | Health Score: 100/100
[1/4] Aggregating on-chain + off-chain data...
[2/4] Running anomaly detection engine...
[3/4] Writing machine-readable JSON...
[4/4] Writing human-readable Markdown...

✓ Reports generated:
  → /home/administrator/solpulse-dashboard/report.json (4,028 bytes)
  → /home/administrator/solpulse-dashboard/report.md (2,038 bytes)

Status: HEALTHY | Health Score: 100/100
[1/4] Aggregating on-chain + off-chain data...
[2/4] Running anomaly detection engine...
[3/4] Writing machine-readable JSON...
[4/4] Writing human-readable Markdown...

✓ Reports generated:
  → /home/administrator/solpulse-dashboard/report.json (4,028 bytes)
  → /home/administrator/solpulse-dashboard/report.md (2,038 bytes)

Status: HEALTHY | Health Score: 100/100
[1/4] Aggregating on-chain + off-chain data...
[2/4] Running anomaly detection engine...
[3/4] Writing machine-readable JSON...
[4/4] Writing human-readable Markdown...

✓ Reports generated:
  → /home/administrator/solpulse-dashboard/report.json (4,028 bytes)
  → /home/administrator/solpulse-dashboard/report.md (2,038 bytes)

Status: HEALTHY | Health Score: 100/100
[1/4] Aggregating on-chain + off-chain data...
[2/4] Running anomaly detection engine...
[3/4] Writing machine-readable JSON...
[4/4] Writing human-readable Markdown...

✓ Reports generated:
  → /home/administrator/solpulse-dashboard/report.json (4,028 bytes)
  → /home/administrator/solpulse-dashboard/report.md (2,038 bytes)

Status: HEALTHY | Health Score: 100/100
[1/4] Aggregating on-chain + off-chain data...
[2/4] Running anomaly detection engine...
[3/4] Writing machine-readable JSON...
[4/4] Writing human-readable Markdown...

✓ Reports generated:
  → /home/administrator/solpulse-dashboard/report.json (4,028 bytes)
  → /home/administrator/solpulse-dashboard/report.md (2,038 bytes)

Status: HEALTHY | Health Score: 100/100
[1/4] Aggregating on-chain + off-chain data...
[2/4] Running anomaly detection engine...
[3/4] Writing machine-readable JSON...
[4/4] Writing human-readable Markdown...

✓ Reports generated:
  → /home/administrator/solpulse-dashboard/report.json (4,028 bytes)
  → /home/administrator/solpulse-dashboard/report.md (2,038 bytes)

Status: HEALTHY | Health Score: 100/100
[1/4] Aggregating on-chain + off-chain data...
[2/4] Running anomaly detection engine...
[3/4] Writing machine-readable JSON...
[4/4] Writing human-readable Markdown...

✓ Reports generated:
  → /home/administrator/solpulse-dashboard/report.json (4,027 bytes)
  → /home/administrator/solpulse-dashboard/report.md (2,037 bytes)

Status: HEALTHY | Health Score: 100/100
[1/4] Aggregating on-chain + off-chain data...
[2/4] Running anomaly detection engine...
[3/4] Writing machine-readable JSON...
[4/4] Writing human-readable Markdown...

✓ Reports generated:
  → /home/administrator/solpulse-dashboard/report.json (4,029 bytes)
  → /home/administrator/solpulse-dashboard/report.md (2,038 bytes)

Status: HEALTHY | Health Score: 100/100
[1/4] Aggregating on-chain + off-chain data...
[2/4] Running anomaly detection engine...
[3/4] Writing machine-readable JSON...
[4/4] Writing human-readable Markdown...

✓ Reports generated:
  → /home/administrator/solpulse-dashboard/report.json (4,027 bytes)
  → /home/administrator/solpulse-dashboard/report.md (2,036 bytes)

Status: HEALTHY | Health Score: 100/100
[1/4] Aggregating on-chain + off-chain data...
[2/4] Running anomaly detection engine...
[3/4] Writing machine-readable JSON...
[4/4] Writing human-readable Markdown...

✓ Reports generated:
  → /home/administrator/solpulse-dashboard/report.json (4,029 bytes)
  → /home/administrator/solpulse-dashboard/report.md (2,038 bytes)

Status: HEALTHY | Health Score: 100/100
[1/4] Aggregating on-chain + off-chain data...
[2/4] Running anomaly detection engine...
[3/4] Writing machine-readable JSON...
[4/4] Writing human-readable Markdown...

✓ Reports generated:
  → /home/administrator/solpulse-dashboard/report.json (4,028 bytes)
  → /home/administrator/solpulse-dashboard/report.md (2,038 bytes)

Status: HEALTHY | Health Score: 100/100
[1/4] Aggregating on-chain + off-chain data...
[2/4] Running anomaly detection engine...
[3/4] Writing machine-readable JSON...
[4/4] Writing human-readable Markdown...

✓ Reports generated:
  → /home/administrator/solpulse-dashboard/report.json (4,026 bytes)
  → /home/administrator/solpulse-dashboard/report.md (2,037 bytes)

Status: HEALTHY | Health Score: 100/100
[1/4] Aggregating on-chain + off-chain data...
[2/4] Running anomaly detection engine...
[3/4] Writing machine-readable JSON...
[4/4] Writing human-readable Markdown...

✓ Reports generated:
  → /home/administrator/solpulse-dashboard/report.json (4,029 bytes)
  → /home/administrator/solpulse-dashboard/report.md (2,038 bytes)

Status: HEALTHY | Health Score: 100/100
[1/4] Aggregating on-chain + off-chain data...
[2/4] Running anomaly detection engine...
[3/4] Writing machine-readable JSON...
[4/4] Writing human-readable Markdown...

✓ Reports generated:
  → /home/administrator/solpulse-dashboard/report.json (4,030 bytes)
  → /home/administrator/solpulse-dashboard/report.md (2,038 bytes)

Status: HEALTHY | Health Score: 100/100
[1/4] Aggregating on-chain + off-chain data...
[2/4] Running anomaly detection engine...
[3/4] Writing machine-readable JSON...
[4/4] Writing human-readable Markdown...

✓ Reports generated:
  → /home/administrator/solpulse-dashboard/report.json (4,029 bytes)
  → /home/administrator/solpulse-dashboard/report.md (2,037 bytes)

Status: HEALTHY | Health Score: 100/100
[1/4] Aggregating on-chain + off-chain data...
[2/4] Running anomaly detection engine...
[3/4] Writing machine-readable JSON...
[4/4] Writing human-readable Markdown...

✓ Reports generated:
  → /home/administrator/solpulse-dashboard/report.json (4,028 bytes)
  → /home/administrator/solpulse-dashboard/report.md (2,038 bytes)

Status: HEALTHY | Health Score: 100/100
[1/4] Aggregating on-chain + off-chain data...
[2/4] Running anomaly detection engine...
[3/4] Writing machine-readable JSON...
[4/4] Writing human-readable Markdown...

✓ Reports generated:
  → /home/administrator/solpulse-dashboard/report.json (4,029 bytes)
  → /home/administrator/solpulse-dashboard/report.md (2,038 bytes)

Status: HEALTHY | Health Score: 100/100
[1/4] Aggregating on-chain + off-chain data...
[2/4] Running anomaly detection engine...
[3/4] Writing machine-readable JSON...
[4/4] Writing human-readable Markdown...

✓ Reports generated:
  → /home/administrator/solpulse-dashboard/report.json (4,029 bytes)
  → /home/administrator/solpulse-dashboard/report.md (2,038 bytes)

Status: HEALTHY | Health Score: 100/100
[1/4] Aggregating on-chain + off-chain data...
[2/4] Running anomaly detection engine...
[3/4] Writing machine-readable JSON...
[4/4] Writing human-readable Markdown...

✓ Reports generated:
  → /home/administrator/solpulse-dashboard/report.json (4,028 bytes)
  → /home/administrator/solpulse-dashboard/report.md (2,038 bytes)

Status: HEALTHY | Health Score: 100/100
[1/4] Aggregating on-chain + off-chain data...
[2/4] Running anomaly detection engine...
[3/4] Writing machine-readable JSON...
[4/4] Writing human-readable Markdown...

✓ Reports generated:
  → /home/administrator/solpulse-dashboard/report.json (4,028 bytes)
  → /home/administrator/solpulse-dashboard/report.md (2,038 bytes)

Status: HEALTHY | Health Score: 100/100
[1/4] Aggregating on-chain + off-chain data...
[2/4] Running anomaly detection engine...
[3/4] Writing machine-readable JSON...
[4/4] Writing human-readable Markdown...

✓ Reports generated:
  → /home/administrator/solpulse-dashboard/report.json (4,026 bytes)
  → /home/administrator/solpulse-dashboard/report.md (2,036 bytes)

Status: HEALTHY | Health Score: 100/100
[1/4] Aggregating on-chain + off-chain data...
[2/4] Running anomaly detection engine...
[3/4] Writing machine-readable JSON...
[4/4] Writing human-readable Markdown...

✓ Reports generated:
  → /home/administrator/solpulse-dashboard/report.json (4,027 bytes)
  → /home/administrator/solpulse-dashboard/report.md (2,038 bytes)

Status: HEALTHY | Health Score: 100/100
[1/4] Aggregating on-chain + off-chain data...
[2/4] Running anomaly detection engine...
[3/4] Writing machine-readable JSON...
[4/4] Writing human-readable Markdown...

✓ Reports generated:
  → /home/administrator/solpulse-dashboard/report.json (4,029 bytes)
  → /home/administrator/solpulse-dashboard/report.md (2,038 bytes)

Status: HEALTHY | Health Score: 100/100
[1/4] Aggregating on-chain + off-chain data...
[2/4] Running anomaly detection engine...
[3/4] Writing machine-readable JSON...
[4/4] Writing human-readable Markdown...

✓ Reports generated:
  → /home/administrator/solpulse-dashboard/report.json (4,029 bytes)
  → /home/administrator/solpulse-dashboard/report.md (2,038 bytes)

Status: HEALTHY | Health Score: 100/100
[1/4] Aggregating on-chain + off-chain data...
[2/4] Running anomaly detection engine...
[3/4] Writing machine-readable JSON...
[4/4] Writing human-readable Markdown...

✓ Reports generated:
  → /home/administrator/solpulse-dashboard/report.json (4,028 bytes)
  → /home/administrator/solpulse-dashboard/report.md (2,038 bytes)

Status: HEALTHY | Health Score: 100/100
[1/4] Aggregating on-chain + off-chain data...
[2/4] Running anomaly detection engine...
[3/4] Writing machine-readable JSON...
[4/4] Writing human-readable Markdown...

✓ Reports generated:
  → /home/administrator/solpulse-dashboard/report.json (4,028 bytes)
  → /home/administrator/solpulse-dashboard/report.md (2,038 bytes)

Status: HEALTHY | Health Score: 100/100
[1/4] Aggregating on-chain + off-chain data...
[2/4] Running anomaly detection engine...
[3/4] Writing machine-readable JSON...
[4/4] Writing human-readable Markdown...

✓ Reports generated:
  → /home/administrator/solpulse-dashboard/report.json (4,029 bytes)
  → /home/administrator/solpulse-dashboard/report.md (2,038 bytes)

Status: HEALTHY | Health Score: 100/100
[1/4] Aggregating on-chain + off-chain data...
[2/4] Running anomaly detection engine...
[3/4] Writing machine-readable JSON...
[4/4] Writing human-readable Markdown...

✓ Reports generated:
  → /home/administrator/solpulse-dashboard/report.json (4,026 bytes)
  → /home/administrator/solpulse-dashboard/report.md (2,037 bytes)

Status: HEALTHY | Health Score: 100/100
[1/4] Aggregating on-chain + off-chain data...
[2/4] Running anomaly detection engine...
[3/4] Writing machine-readable JSON...
[4/4] Writing human-readable Markdown...

✓ Reports generated:
  → /home/administrator/solpulse-dashboard/report.json (4,029 bytes)
  → /home/administrator/solpulse-dashboard/report.md (2,038 bytes)

Status: HEALTHY | Health Score: 100/100
[1/4] Aggregating on-chain + off-chain data...
[2/4] Running anomaly detection engine...
[3/4] Writing machine-readable JSON...
[4/4] Writing human-readable Markdown...

✓ Reports generated:
  → /home/administrator/solpulse-dashboard/report.json (4,029 bytes)
  → /home/administrator/solpulse-dashboard/report.md (2,038 bytes)

Status: HEALTHY | Health Score: 100/100
[1/4] Aggregating on-chain + off-chain data...
[2/4] Running anomaly detection engine...
[3/4] Writing machine-readable JSON...
[4/4] Writing human-readable Markdown...

✓ Reports generated:
  → /home/administrator/solpulse-dashboard/report.json (4,029 bytes)
  → /home/administrator/solpulse-dashboard/report.md (2,038 bytes)

Status: HEALTHY | Health Score: 100/100
[1/4] Aggregating on-chain + off-chain data...
[2/4] Running anomaly detection engine...
[3/4] Writing machine-readable JSON...
[4/4] Writing human-readable Markdown...

✓ Reports generated:
  → /home/administrator/solpulse-dashboard/report.json (4,029 bytes)
  → /home/administrator/solpulse-dashboard/report.md (2,038 bytes)

Status: HEALTHY | Health Score: 100/100
[1/4] Aggregating on-chain + off-chain data...
[2/4] Running anomaly detection engine...
[3/4] Writing machine-readable JSON...
[4/4] Writing human-readable Markdown...

✓ Reports generated:
  → /home/administrator/solpulse-dashboard/report.json (4,029 bytes)
  → /home/administrator/solpulse-dashboard/report.md (2,038 bytes)

Status: HEALTHY | Health Score: 100/100
[1/4] Aggregating on-chain + off-chain data...
[2/4] Running anomaly detection engine...
[3/4] Writing machine-readable JSON...
[4/4] Writing human-readable Markdown...

✓ Reports generated:
  → /home/administrator/solpulse-dashboard/report.json (4,029 bytes)
  → /home/administrator/solpulse-dashboard/report.md (2,038 bytes)

Status: HEALTHY | Health Score: 100/100
[1/4] Aggregating on-chain + off-chain data...
[2/4] Running anomaly detection engine...
[3/4] Writing machine-readable JSON...
[4/4] Writing human-readable Markdown...

✓ Reports generated:
  → /home/administrator/solpulse-dashboard/report.json (4,029 bytes)
  → /home/administrator/solpulse-dashboard/report.md (2,038 bytes)

Status: HEALTHY | Health Score: 100/100
[1/4] Aggregating on-chain + off-chain data...
[2/4] Running anomaly detection engine...
[3/4] Writing machine-readable JSON...
[4/4] Writing human-readable Markdown...

✓ Reports generated:
  → /home/administrator/solpulse-dashboard/report.json (4,029 bytes)
  → /home/administrator/solpulse-dashboard/report.md (2,038 bytes)

Status: HEALTHY | Health Score: 100/100
[1/4] Aggregating on-chain + off-chain data...
[2/4] Running anomaly detection engine...
[3/4] Writing machine-readable JSON...
[4/4] Writing human-readable Markdown...

✓ Reports generated:
  → /home/administrator/solpulse-dashboard/report.json (4,029 bytes)
  → /home/administrator/solpulse-dashboard/report.md (2,038 bytes)

Status: HEALTHY | Health Score: 100/100
[1/4] Aggregating on-chain + off-chain data...
[2/4] Running anomaly detection engine...
[3/4] Writing machine-readable JSON...
[4/4] Writing human-readable Markdown...

✓ Reports generated:
  → /home/administrator/solpulse-dashboard/report.json (4,027 bytes)
  → /home/administrator/solpulse-dashboard/report.md (2,038 bytes)

Status: HEALTHY | Health Score: 100/100
[1/4] Aggregating on-chain + off-chain data...
[2/4] Running anomaly detection engine...
[3/4] Writing machine-readable JSON...
[4/4] Writing human-readable Markdown...

✓ Reports generated:
  → /home/administrator/solpulse-dashboard/report.json (4,029 bytes)
  → /home/administrator/solpulse-dashboard/report.md (2,038 bytes)

Status: HEALTHY | Health Score: 100/100
[1/4] Aggregating on-chain + off-chain data...
[2/4] Running anomaly detection engine...
[3/4] Writing machine-readable JSON...
[4/4] Writing human-readable Markdown...

✓ Reports generated:
  → /home/administrator/solpulse-dashboard/report.json (4,029 bytes)
  → /home/administrator/solpulse-dashboard/report.md (2,038 bytes)

Status: HEALTHY | Health Score: 100/100
[1/4] Aggregating on-chain + off-chain data...
[2/4] Running anomaly detection engine...
[3/4] Writing machine-readable JSON...
[4/4] Writing human-readable Markdown...

✓ Reports generated:
  → /home/administrator/solpulse-dashboard/report.json (4,028 bytes)
  → /home/administrator/solpulse-dashboard/report.md (2,037 bytes)

Status: HEALTHY | Health Score: 100/100
[1/4] Aggregating on-chain + off-chain data...
[2/4] Running anomaly detection engine...
[3/4] Writing machine-readable JSON...
[4/4] Writing human-readable Markdown...

✓ Reports generated:
  → /home/administrator/solpulse-dashboard/report.json (4,029 bytes)
  → /home/administrator/solpulse-dashboard/report.md (2,038 bytes)

Status: HEALTHY | Health Score: 100/100
[1/4] Aggregating on-chain + off-chain data...
[2/4] Running anomaly detection engine...
[3/4] Writing machine-readable JSON...
[4/4] Writing human-readable Markdown...

✓ Reports generated:
  → /home/administrator/solpulse-dashboard/report.json (4,029 bytes)
  → /home/administrator/solpulse-dashboard/report.md (2,038 bytes)

Status: HEALTHY | Health Score: 100/100
[1/4] Aggregating on-chain + off-chain data...
[2/4] Running anomaly detection engine...
[3/4] Writing machine-readable JSON...
[4/4] Writing human-readable Markdown...

✓ Reports generated:
  → /home/administrator/solpulse-dashboard/report.json (4,029 bytes)
  → /home/administrator/solpulse-dashboard/report.md (2,038 bytes)

Status: HEALTHY | Health Score: 100/100
[1/4] Aggregating on-chain + off-chain data...
[2/4] Running anomaly detection engine...
[3/4] Writing machine-readable JSON...
[4/4] Writing human-readable Markdown...

✓ Reports generated:
  → /home/administrator/solpulse-dashboard/report.json (4,029 bytes)
  → /home/administrator/solpulse-dashboard/report.md (2,038 bytes)

Status: HEALTHY | Health Score: 100/100
[1/4] Aggregating on-chain + off-chain data...
[2/4] Running anomaly detection engine...
[3/4] Writing machine-readable JSON...
[4/4] Writing human-readable Markdown...

✓ Reports generated:
  → /home/administrator/solpulse-dashboard/report.json (4,029 bytes)
  → /home/administrator/solpulse-dashboard/report.md (2,038 bytes)

Status: HEALTHY | Health Score: 100/100
[1/4] Aggregating on-chain + off-chain data...
[2/4] Running anomaly detection engine...
[3/4] Writing machine-readable JSON...
[4/4] Writing human-readable Markdown...

✓ Reports generated:
  → /home/administrator/solpulse-dashboard/report.json (4,028 bytes)
  → /home/administrator/solpulse-dashboard/report.md (2,037 bytes)

Status: HEALTHY | Health Score: 100/100
[1/4] Aggregating on-chain + off-chain data...
[2/4] Running anomaly detection engine...
[3/4] Writing machine-readable JSON...
[4/4] Writing human-readable Markdown...

✓ Reports generated:
  → /home/administrator/solpulse-dashboard/report.json (4,028 bytes)
  → /home/administrator/solpulse-dashboard/report.md (2,037 bytes)

Status: HEALTHY | Health Score: 100/100
[1/4] Aggregating on-chain + off-chain data...
[2/4] Running anomaly detection engine...
[3/4] Writing machine-readable JSON...
[4/4] Writing human-readable Markdown...

✓ Reports generated:
  → /home/administrator/solpulse-dashboard/report.json (4,028 bytes)
  → /home/administrator/solpulse-dashboard/report.md (2,038 bytes)

Status: HEALTHY | Health Score: 100/100
[1/4] Aggregating on-chain + off-chain data...
[2/4] Running anomaly detection engine...
[3/4] Writing machine-readable JSON...
[4/4] Writing human-readable Markdown...

✓ Reports generated:
  → /home/administrator/solpulse-dashboard/report.json (4,027 bytes)
  → /home/administrator/solpulse-dashboard/report.md (2,038 bytes)

Status: HEALTHY | Health Score: 100/100
[1/4] Aggregating on-chain + off-chain data...
[2/4] Running anomaly detection engine...
[3/4] Writing machine-readable JSON...
[4/4] Writing human-readable Markdown...

✓ Reports generated:
  → /home/administrator/solpulse-dashboard/report.json (4,029 bytes)
  → /home/administrator/solpulse-dashboard/report.md (2,038 bytes)

Status: HEALTHY | Health Score: 100/100
[1/4] Aggregating on-chain + off-chain data...
[2/4] Running anomaly detection engine...
[3/4] Writing machine-readable JSON...
[4/4] Writing human-readable Markdown...

✓ Reports generated:
  → /home/administrator/solpulse-dashboard/report.json (4,029 bytes)
  → /home/administrator/solpulse-dashboard/report.md (2,038 bytes)

Status: HEALTHY | Health Score: 100/100
[1/4] Aggregating on-chain + off-chain data...
[2/4] Running anomaly detection engine...
[3/4] Writing machine-readable JSON...
[4/4] Writing human-readable Markdown...

✓ Reports generated:
  → /home/administrator/solpulse-dashboard/report.json (4,028 bytes)
  → /home/administrator/solpulse-dashboard/report.md (2,038 bytes)

Status: HEALTHY | Health Score: 100/100
[1/4] Aggregating on-chain + off-chain data...
[2/4] Running anomaly detection engine...
[3/4] Writing machine-readable JSON...
[4/4] Writing human-readable Markdown...

✓ Reports generated:
  → /home/administrator/solpulse-dashboard/report.json (4,027 bytes)
  → /home/administrator/solpulse-dashboard/report.md (2,037 bytes)

Status: HEALTHY | Health Score: 100/100
[1/4] Aggregating on-chain + off-chain data...
[2/4] Running anomaly detection engine...
[3/4] Writing machine-readable JSON...
[4/4] Writing human-readable Markdown...

✓ Reports generated:
  → /home/administrator/solpulse-dashboard/report.json (4,029 bytes)
  → /home/administrator/solpulse-dashboard/report.md (2,038 bytes)

Status: HEALTHY | Health Score: 100/100
[1/4] Aggregating on-chain + off-chain data...
[2/4] Running anomaly detection engine...
[3/4] Writing machine-readable JSON...
[4/4] Writing human-readable Markdown...

✓ Reports generated:
  → /home/administrator/solpulse-dashboard/report.json (4,029 bytes)
  → /home/administrator/solpulse-dashboard/report.md (2,038 bytes)

Status: HEALTHY | Health Score: 100/100
[1/4] Aggregating on-chain + off-chain data...
[2/4] Running anomaly detection engine...
[3/4] Writing machine-readable JSON...
[4/4] Writing human-readable Markdown...

✓ Reports generated:
  → /home/administrator/solpulse-dashboard/report.json (4,027 bytes)
  → /home/administrator/solpulse-dashboard/report.md (2,038 bytes)

Status: HEALTHY | Health Score: 100/100
[1/4] Aggregating on-chain + off-chain data...
[2/4] Running anomaly detection engine...
[3/4] Writing machine-readable JSON...
[4/4] Writing human-readable Markdown...

✓ Reports generated:
  → /home/administrator/solpulse-dashboard/report.json (4,029 bytes)
  → /home/administrator/solpulse-dashboard/report.md (2,038 bytes)

Status: HEALTHY | Health Score: 100/100
[1/4] Aggregating on-chain + off-chain data...
[2/4] Running anomaly detection engine...
[3/4] Writing machine-readable JSON...
[4/4] Writing human-readable Markdown...

✓ Reports generated:
  → /home/administrator/solpulse-dashboard/report.json (4,029 bytes)
  → /home/administrator/solpulse-dashboard/report.md (2,038 bytes)

Status: HEALTHY | Health Score: 100/100
[1/4] Aggregating on-chain + off-chain data...
[2/4] Running anomaly detection engine...
[3/4] Writing machine-readable JSON...
[4/4] Writing human-readable Markdown...

✓ Reports generated:
  → /home/administrator/solpulse-dashboard/report.json (4,028 bytes)
  → /home/administrator/solpulse-dashboard/report.md (2,038 bytes)

Status: HEALTHY | Health Score: 100/100
[1/4] Aggregating on-chain + off-chain data...
[2/4] Running anomaly detection engine...
[3/4] Writing machine-readable JSON...
[4/4] Writing human-readable Markdown...

✓ Reports generated:
  → /home/administrator/solpulse-dashboard/report.json (4,029 bytes)
  → /home/administrator/solpulse-dashboard/report.md (2,038 bytes)

Status: HEALTHY | Health Score: 100/100
[1/4] Aggregating on-chain + off-chain data...
[2/4] Running anomaly detection engine...
[3/4] Writing machine-readable JSON...
[4/4] Writing human-readable Markdown...

✓ Reports generated:
  → /home/administrator/solpulse-dashboard/report.json (4,028 bytes)
  → /home/administrator/solpulse-dashboard/report.md (2,038 bytes)

Status: HEALTHY | Health Score: 100/100
[1/4] Aggregating on-chain + off-chain data...
[2/4] Running anomaly detection engine...
[3/4] Writing machine-readable JSON...
[4/4] Writing human-readable Markdown...

✓ Reports generated:
  → /home/administrator/solpulse-dashboard/report.json (4,029 bytes)
  → /home/administrator/solpulse-dashboard/report.md (2,038 bytes)

Status: HEALTHY | Health Score: 100/100
[1/4] Aggregating on-chain + off-chain data...
[2/4] Running anomaly detection engine...
[3/4] Writing machine-readable JSON...
[4/4] Writing human-readable Markdown...

✓ Reports generated:
  → /home/administrator/solpulse-dashboard/report.json (4,027 bytes)
  → /home/administrator/solpulse-dashboard/report.md (2,038 bytes)

Status: HEALTHY | Health Score: 100/100
[1/4] Aggregating on-chain + off-chain data...
[2/4] Running anomaly detection engine...
[3/4] Writing machine-readable JSON...
[4/4] Writing human-readable Markdown...

✓ Reports generated:
  → /home/administrator/solpulse-dashboard/report.json (4,028 bytes)
  → /home/administrator/solpulse-dashboard/report.md (2,038 bytes)

Status: HEALTHY | Health Score: 100/100
[1/4] Aggregating on-chain + off-chain data...
[2/4] Running anomaly detection engine...
[3/4] Writing machine-readable JSON...
[4/4] Writing human-readable Markdown...

✓ Reports generated:
  → /home/administrator/solpulse-dashboard/report.json (4,029 bytes)
  → /home/administrator/solpulse-dashboard/report.md (2,037 bytes)

Status: HEALTHY | Health Score: 100/100
[1/4] Aggregating on-chain + off-chain data...
[2/4] Running anomaly detection engine...
[3/4] Writing machine-readable JSON...
[4/4] Writing human-readable Markdown...

✓ Reports generated:
  → /home/administrator/solpulse-dashboard/report.json (4,028 bytes)
  → /home/administrator/solpulse-dashboard/report.md (2,037 bytes)

Status: HEALTHY | Health Score: 100/100
[1/4] Aggregating on-chain + off-chain data...
[2/4] Running anomaly detection engine...
[3/4] Writing machine-readable JSON...
[4/4] Writing human-readable Markdown...

✓ Reports generated:
  → /home/administrator/solpulse-dashboard/report.json (4,030 bytes)
  → /home/administrator/solpulse-dashboard/report.md (2,038 bytes)

Status: HEALTHY | Health Score: 100/100
[1/4] Aggregating on-chain + off-chain data...
[2/4] Running anomaly detection engine...
[3/4] Writing machine-readable JSON...
[4/4] Writing human-readable Markdown...

✓ Reports generated:
  → /home/administrator/solpulse-dashboard/report.json (4,029 bytes)
  → /home/administrator/solpulse-dashboard/report.md (2,038 bytes)

Status: HEALTHY | Health Score: 100/100
[1/4] Aggregating on-chain + off-chain data...
[2/4] Running anomaly detection engine...
[3/4] Writing machine-readable JSON...
[4/4] Writing human-readable Markdown...

✓ Reports generated:
  → /home/administrator/solpulse-dashboard/report.json (4,029 bytes)
  → /home/administrator/solpulse-dashboard/report.md (2,038 bytes)

Status: HEALTHY | Health Score: 100/100
[1/4] Aggregating on-chain + off-chain data...
[2/4] Running anomaly detection engine...
[3/4] Writing machine-readable JSON...
[4/4] Writing human-readable Markdown...

✓ Reports generated:
  → /home/administrator/solpulse-dashboard/report.json (4,030 bytes)
  → /home/administrator/solpulse-dashboard/report.md (2,038 bytes)

Status: HEALTHY | Health Score: 100/100
[1/4] Aggregating on-chain + off-chain data...
[2/4] Running anomaly detection engine...
[3/4] Writing machine-readable JSON...
[4/4] Writing human-readable Markdown...

✓ Reports generated:
  → /home/administrator/solpulse-dashboard/report.json (4,029 bytes)
  → /home/administrator/solpulse-dashboard/report.md (2,038 bytes)

Status: HEALTHY | Health Score: 100/100
[1/4] Aggregating on-chain + off-chain data...
[2/4] Running anomaly detection engine...
[3/4] Writing machine-readable JSON...
[4/4] Writing human-readable Markdown...

✓ Reports generated:
  → /home/administrator/solpulse-dashboard/report.json (4,030 bytes)
  → /home/administrator/solpulse-dashboard/report.md (2,038 bytes)

Status: HEALTHY | Health Score: 100/100
[1/4] Aggregating on-chain + off-chain data...
[2/4] Running anomaly detection engine...
[3/4] Writing machine-readable JSON...
[4/4] Writing human-readable Markdown...

✓ Reports generated:
  → /home/administrator/solpulse-dashboard/report.json (4,029 bytes)
  → /home/administrator/solpulse-dashboard/report.md (2,037 bytes)

Status: HEALTHY | Health Score: 100/100
[1/4] Aggregating on-chain + off-chain data...
[2/4] Running anomaly detection engine...
[3/4] Writing machine-readable JSON...
[4/4] Writing human-readable Markdown...

✓ Reports generated:
  → /home/administrator/solpulse-dashboard/report.json (4,030 bytes)
  → /home/administrator/solpulse-dashboard/report.md (2,038 bytes)

Status: HEALTHY | Health Score: 100/100
[1/4] Aggregating on-chain + off-chain data...
[2/4] Running anomaly detection engine...
[3/4] Writing machine-readable JSON...
[4/4] Writing human-readable Markdown...

✓ Reports generated:
  → /home/administrator/solpulse-dashboard/report.json (4,029 bytes)
  → /home/administrator/solpulse-dashboard/report.md (2,038 bytes)

Status: HEALTHY | Health Score: 100/100
[1/4] Aggregating on-chain + off-chain data...
[2/4] Running anomaly detection engine...
[3/4] Writing machine-readable JSON...
[4/4] Writing human-readable Markdown...

✓ Reports generated:
  → /home/administrator/solpulse-dashboard/report.json (4,030 bytes)
  → /home/administrator/solpulse-dashboard/report.md (2,038 bytes)

Status: HEALTHY | Health Score: 100/100
[1/4] Aggregating on-chain + off-chain data...
[2/4] Running anomaly detection engine...
[3/4] Writing machine-readable JSON...
[4/4] Writing human-readable Markdown...

✓ Reports generated:
  → /home/administrator/solpulse-dashboard/report.json (4,030 bytes)
  → /home/administrator/solpulse-dashboard/report.md (2,038 bytes)

Status: HEALTHY | Health Score: 100/100
[1/4] Aggregating on-chain + off-chain data...
[2/4] Running anomaly detection engine...
[3/4] Writing machine-readable JSON...
[4/4] Writing human-readable Markdown...

✓ Reports generated:
  → /home/administrator/solpulse-dashboard/report.json (4,030 bytes)
  → /home/administrator/solpulse-dashboard/report.md (2,038 bytes)

Status: HEALTHY | Health Score: 100/100
[1/4] Aggregating on-chain + off-chain data...
[2/4] Running anomaly detection engine...
[3/4] Writing machine-readable JSON...
[4/4] Writing human-readable Markdown...

✓ Reports generated:
  → /home/administrator/solpulse-dashboard/report.json (4,030 bytes)
  → /home/administrator/solpulse-dashboard/report.md (2,038 bytes)

Status: HEALTHY | Health Score: 100/100
[1/4] Aggregating on-chain + off-chain data...
[2/4] Running anomaly detection engine...
[3/4] Writing machine-readable JSON...
[4/4] Writing human-readable Markdown...

✓ Reports generated:
  → /home/administrator/solpulse-dashboard/report.json (4,030 bytes)
  → /home/administrator/solpulse-dashboard/report.md (2,038 bytes)

Status: HEALTHY | Health Score: 100/100
[1/4] Aggregating on-chain + off-chain data...
[2/4] Running anomaly detection engine...
[3/4] Writing machine-readable JSON...
[4/4] Writing human-readable Markdown...

✓ Reports generated:
  → /home/administrator/solpulse-dashboard/report.json (4,029 bytes)
  → /home/administrator/solpulse-dashboard/report.md (2,038 bytes)

Status: HEALTHY | Health Score: 100/100
[1/4] Aggregating on-chain + off-chain data...
[2/4] Running anomaly detection engine...
[3/4] Writing machine-readable JSON...
[4/4] Writing human-readable Markdown...

✓ Reports generated:
  → /home/administrator/solpulse-dashboard/report.json (4,030 bytes)
  → /home/administrator/solpulse-dashboard/report.md (2,038 bytes)

Status: HEALTHY | Health Score: 100/100
[1/4] Aggregating on-chain + off-chain data...
[2/4] Running anomaly detection engine...
[3/4] Writing machine-readable JSON...
[4/4] Writing human-readable Markdown...

✓ Reports generated:
  → /home/administrator/solpulse-dashboard/report.json (4,028 bytes)
  → /home/administrator/solpulse-dashboard/report.md (2,037 bytes)

Status: HEALTHY | Health Score: 100/100
[1/4] Aggregating on-chain + off-chain data...
[2/4] Running anomaly detection engine...
[3/4] Writing machine-readable JSON...
[4/4] Writing human-readable Markdown...

✓ Reports generated:
  → /home/administrator/solpulse-dashboard/report.json (4,030 bytes)
  → /home/administrator/solpulse-dashboard/report.md (2,038 bytes)

Status: HEALTHY | Health Score: 100/100
[1/4] Aggregating on-chain + off-chain data...
[2/4] Running anomaly detection engine...
[3/4] Writing machine-readable JSON...
[4/4] Writing human-readable Markdown...

✓ Reports generated:
  → /home/administrator/solpulse-dashboard/report.json (4,030 bytes)
  → /home/administrator/solpulse-dashboard/report.md (2,038 bytes)

Status: HEALTHY | Health Score: 100/100
[1/4] Aggregating on-chain + off-chain data...
[2/4] Running anomaly detection engine...
[3/4] Writing machine-readable JSON...
[4/4] Writing human-readable Markdown...

✓ Reports generated:
  → /home/administrator/solpulse-dashboard/report.json (4,029 bytes)
  → /home/administrator/solpulse-dashboard/report.md (2,038 bytes)

Status: HEALTHY | Health Score: 100/100
[1/4] Aggregating on-chain + off-chain data...
[2/4] Running anomaly detection engine...
[3/4] Writing machine-readable JSON...
[4/4] Writing human-readable Markdown...

✓ Reports generated:
  → /home/administrator/solpulse-dashboard/report.json (4,030 bytes)
  → /home/administrator/solpulse-dashboard/report.md (2,038 bytes)

Status: HEALTHY | Health Score: 100/100
[1/4] Aggregating on-chain + off-chain data...
[2/4] Running anomaly detection engine...
[3/4] Writing machine-readable JSON...
[4/4] Writing human-readable Markdown...

✓ Reports generated:
  → /home/administrator/solpulse-dashboard/report.json (4,028 bytes)
  → /home/administrator/solpulse-dashboard/report.md (2,038 bytes)

Status: HEALTHY | Health Score: 100/100
[1/4] Aggregating on-chain + off-chain data...
[2/4] Running anomaly detection engine...
[3/4] Writing machine-readable JSON...
[4/4] Writing human-readable Markdown...

✓ Reports generated:
  → /home/administrator/solpulse-dashboard/report.json (4,029 bytes)
  → /home/administrator/solpulse-dashboard/report.md (2,038 bytes)

Status: HEALTHY | Health Score: 100/100
[1/4] Aggregating on-chain + off-chain data...
[2/4] Running anomaly detection engine...
[3/4] Writing machine-readable JSON...
[4/4] Writing human-readable Markdown...

✓ Reports generated:
  → /home/administrator/solpulse-dashboard/report.json (4,029 bytes)
  → /home/administrator/solpulse-dashboard/report.md (2,038 bytes)

Status: HEALTHY | Health Score: 100/100
[1/4] Aggregating on-chain + off-chain data...
[2/4] Running anomaly detection engine...
[3/4] Writing machine-readable JSON...
[4/4] Writing human-readable Markdown...

✓ Reports generated:
  → /home/administrator/solpulse-dashboard/report.json (4,030 bytes)
  → /home/administrator/solpulse-dashboard/report.md (2,038 bytes)

Status: HEALTHY | Health Score: 100/100
[1/4] Aggregating on-chain + off-chain data...
[2/4] Running anomaly detection engine...
[3/4] Writing machine-readable JSON...
[4/4] Writing human-readable Markdown...

✓ Reports generated:
  → /home/administrator/solpulse-dashboard/report.json (4,028 bytes)
  → /home/administrator/solpulse-dashboard/report.md (2,037 bytes)

Status: HEALTHY | Health Score: 100/100
[1/4] Aggregating on-chain + off-chain data...
[2/4] Running anomaly detection engine...
[3/4] Writing machine-readable JSON...
[4/4] Writing human-readable Markdown...

✓ Reports generated:
  → /home/administrator/solpulse-dashboard/report.json (4,029 bytes)
  → /home/administrator/solpulse-dashboard/report.md (2,037 bytes)

Status: HEALTHY | Health Score: 100/100
[1/4] Aggregating on-chain + off-chain data...
[2/4] Running anomaly detection engine...
[3/4] Writing machine-readable JSON...
[4/4] Writing human-readable Markdown...

✓ Reports generated:
  → /home/administrator/solpulse-dashboard/report.json (4,030 bytes)
  → /home/administrator/solpulse-dashboard/report.md (2,038 bytes)

Status: HEALTHY | Health Score: 100/100
[1/4] Aggregating on-chain + off-chain data...
[2/4] Running anomaly detection engine...
[3/4] Writing machine-readable JSON...
[4/4] Writing human-readable Markdown...

✓ Reports generated:
  → /home/administrator/solpulse-dashboard/report.json (4,030 bytes)
  → /home/administrator/solpulse-dashboard/report.md (2,038 bytes)

Status: HEALTHY | Health Score: 100/100
[1/4] Aggregating on-chain + off-chain data...
[2/4] Running anomaly detection engine...
[3/4] Writing machine-readable JSON...
[4/4] Writing human-readable Markdown...

✓ Reports generated:
  → /home/administrator/solpulse-dashboard/report.json (4,030 bytes)
  → /home/administrator/solpulse-dashboard/report.md (2,038 bytes)

Status: HEALTHY | Health Score: 100/100
[1/4] Aggregating on-chain + off-chain data...
[2/4] Running anomaly detection engine...
[3/4] Writing machine-readable JSON...
[4/4] Writing human-readable Markdown...

✓ Reports generated:
  → /home/administrator/solpulse-dashboard/report.json (4,028 bytes)
  → /home/administrator/solpulse-dashboard/report.md (2,037 bytes)

Status: HEALTHY | Health Score: 100/100
[1/4] Aggregating on-chain + off-chain data...
[2/4] Running anomaly detection engine...
[3/4] Writing machine-readable JSON...
[4/4] Writing human-readable Markdown...

✓ Reports generated:
  → /home/administrator/solpulse-dashboard/report.json (4,031 bytes)
  → /home/administrator/solpulse-dashboard/report.md (2,038 bytes)

Status: HEALTHY | Health Score: 100/100
[1/4] Aggregating on-chain + off-chain data...
[2/4] Running anomaly detection engine...
[3/4] Writing machine-readable JSON...
[4/4] Writing human-readable Markdown...

✓ Reports generated:
  → /home/administrator/solpulse-dashboard/report.json (4,030 bytes)
  → /home/administrator/solpulse-dashboard/report.md (2,038 bytes)

Status: HEALTHY | Health Score: 100/100
[1/4] Aggregating on-chain + off-chain data...
[2/4] Running anomaly detection engine...
[3/4] Writing machine-readable JSON...
[4/4] Writing human-readable Markdown...

✓ Reports generated:
  → /home/administrator/solpulse-dashboard/report.json (4,030 bytes)
  → /home/administrator/solpulse-dashboard/report.md (2,037 bytes)

Status: HEALTHY | Health Score: 100/100
[1/4] Aggregating on-chain + off-chain data...
[2/4] Running anomaly detection engine...
[3/4] Writing machine-readable JSON...
[4/4] Writing human-readable Markdown...

✓ Reports generated:
  → /home/administrator/solpulse-dashboard/report.json (4,031 bytes)
  → /home/administrator/solpulse-dashboard/report.md (2,038 bytes)

Status: HEALTHY | Health Score: 100/100
[1/4] Aggregating on-chain + off-chain data...
[2/4] Running anomaly detection engine...
[3/4] Writing machine-readable JSON...
[4/4] Writing human-readable Markdown...

✓ Reports generated:
  → /home/administrator/solpulse-dashboard/report.json (4,031 bytes)
  → /home/administrator/solpulse-dashboard/report.md (2,038 bytes)

Status: HEALTHY | Health Score: 100/100
[1/4] Aggregating on-chain + off-chain data...
[2/4] Running anomaly detection engine...
[3/4] Writing machine-readable JSON...
[4/4] Writing human-readable Markdown...

✓ Reports generated:
  → /home/administrator/solpulse-dashboard/report.json (4,030 bytes)
  → /home/administrator/solpulse-dashboard/report.md (2,038 bytes)

Status: HEALTHY | Health Score: 100/100
[1/4] Aggregating on-chain + off-chain data...
[2/4] Running anomaly detection engine...
[3/4] Writing machine-readable JSON...
[4/4] Writing human-readable Markdown...

✓ Reports generated:
  → /home/administrator/solpulse-dashboard/report.json (4,029 bytes)
  → /home/administrator/solpulse-dashboard/report.md (2,038 bytes)

Status: HEALTHY | Health Score: 100/100
[1/4] Aggregating on-chain + off-chain data...
[2/4] Running anomaly detection engine...
[3/4] Writing machine-readable JSON...
[4/4] Writing human-readable Markdown...

✓ Reports generated:
  → /home/administrator/solpulse-dashboard/report.json (4,031 bytes)
  → /home/administrator/solpulse-dashboard/report.md (2,038 bytes)

Status: HEALTHY | Health Score: 100/100
[1/4] Aggregating on-chain + off-chain data...
[2/4] Running anomaly detection engine...
[3/4] Writing machine-readable JSON...
[4/4] Writing human-readable Markdown...

✓ Reports generated:
  → /home/administrator/solpulse-dashboard/report.json (4,031 bytes)
  → /home/administrator/solpulse-dashboard/report.md (2,037 bytes)

Status: HEALTHY | Health Score: 100/100
[1/4] Aggregating on-chain + off-chain data...
[2/4] Running anomaly detection engine...
[3/4] Writing machine-readable JSON...
[4/4] Writing human-readable Markdown...

✓ Reports generated:
  → /home/administrator/solpulse-dashboard/report.json (4,029 bytes)
  → /home/administrator/solpulse-dashboard/report.md (2,037 bytes)

Status: HEALTHY | Health Score: 100/100
[1/4] Aggregating on-chain + off-chain data...
[2/4] Running anomaly detection engine...
[3/4] Writing machine-readable JSON...
[4/4] Writing human-readable Markdown...

✓ Reports generated:
  → /home/administrator/solpulse-dashboard/report.json (4,031 bytes)
  → /home/administrator/solpulse-dashboard/report.md (2,038 bytes)

Status: HEALTHY | Health Score: 100/100
[1/4] Aggregating on-chain + off-chain data...
[2/4] Running anomaly detection engine...
[3/4] Writing machine-readable JSON...
[4/4] Writing human-readable Markdown...

✓ Reports generated:
  → /home/administrator/solpulse-dashboard/report.json (4,030 bytes)
  → /home/administrator/solpulse-dashboard/report.md (2,038 bytes)

Status: HEALTHY | Health Score: 100/100
[1/4] Aggregating on-chain + off-chain data...
[2/4] Running anomaly detection engine...
[3/4] Writing machine-readable JSON...
[4/4] Writing human-readable Markdown...

✓ Reports generated:
  → /home/administrator/solpulse-dashboard/report.json (4,031 bytes)
  → /home/administrator/solpulse-dashboard/report.md (2,038 bytes)

Status: HEALTHY | Health Score: 100/100
[1/4] Aggregating on-chain + off-chain data...
[2/4] Running anomaly detection engine...
[3/4] Writing machine-readable JSON...
[4/4] Writing human-readable Markdown...

✓ Reports generated:
  → /home/administrator/solpulse-dashboard/report.json (4,029 bytes)
  → /home/administrator/solpulse-dashboard/report.md (2,038 bytes)

Status: HEALTHY | Health Score: 100/100
[1/4] Aggregating on-chain + off-chain data...
[2/4] Running anomaly detection engine...
[3/4] Writing machine-readable JSON...
[4/4] Writing human-readable Markdown...

✓ Reports generated:
  → /home/administrator/solpulse-dashboard/report.json (4,030 bytes)
  → /home/administrator/solpulse-dashboard/report.md (2,038 bytes)

Status: HEALTHY | Health Score: 100/100
[1/4] Aggregating on-chain + off-chain data...
[2/4] Running anomaly detection engine...
[3/4] Writing machine-readable JSON...
[4/4] Writing human-readable Markdown...

✓ Reports generated:
  → /home/administrator/solpulse-dashboard/report.json (4,029 bytes)
  → /home/administrator/solpulse-dashboard/report.md (2,037 bytes)

Status: HEALTHY | Health Score: 100/100
[1/4] Aggregating on-chain + off-chain data...
[2/4] Running anomaly detection engine...
[3/4] Writing machine-readable JSON...
[4/4] Writing human-readable Markdown...

✓ Reports generated:
  → /home/administrator/solpulse-dashboard/report.json (4,029 bytes)
  → /home/administrator/solpulse-dashboard/report.md (2,038 bytes)

Status: HEALTHY | Health Score: 100/100
[1/4] Aggregating on-chain + off-chain data...
[2/4] Running anomaly detection engine...
[3/4] Writing machine-readable JSON...
[4/4] Writing human-readable Markdown...

✓ Reports generated:
  → /home/administrator/solpulse-dashboard/report.json (4,029 bytes)
  → /home/administrator/solpulse-dashboard/report.md (2,038 bytes)

Status: HEALTHY | Health Score: 100/100
[1/4] Aggregating on-chain + off-chain data...
[2/4] Running anomaly detection engine...
[3/4] Writing machine-readable JSON...
[4/4] Writing human-readable Markdown...

✓ Reports generated:
  → /home/administrator/solpulse-dashboard/report.json (4,030 bytes)
  → /home/administrator/solpulse-dashboard/report.md (2,038 bytes)

Status: HEALTHY | Health Score: 100/100
[1/4] Aggregating on-chain + off-chain data...
[2/4] Running anomaly detection engine...
[3/4] Writing machine-readable JSON...
[4/4] Writing human-readable Markdown...

✓ Reports generated:
  → /home/administrator/solpulse-dashboard/report.json (4,030 bytes)
  → /home/administrator/solpulse-dashboard/report.md (2,038 bytes)

Status: HEALTHY | Health Score: 100/100
[1/4] Aggregating on-chain + off-chain data...
[2/4] Running anomaly detection engine...
[3/4] Writing machine-readable JSON...
[4/4] Writing human-readable Markdown...

✓ Reports generated:
  → /home/administrator/solpulse-dashboard/report.json (4,030 bytes)
  → /home/administrator/solpulse-dashboard/report.md (2,038 bytes)

Status: HEALTHY | Health Score: 100/100
[1/4] Aggregating on-chain + off-chain data...
[2/4] Running anomaly detection engine...
[3/4] Writing machine-readable JSON...
[4/4] Writing human-readable Markdown...

✓ Reports generated:
  → /home/administrator/solpulse-dashboard/report.json (4,030 bytes)
  → /home/administrator/solpulse-dashboard/report.md (2,038 bytes)

Status: HEALTHY | Health Score: 100/100
[1/4] Aggregating on-chain + off-chain data...
[2/4] Running anomaly detection engine...
[3/4] Writing machine-readable JSON...
[4/4] Writing human-readable Markdown...

✓ Reports generated:
  → /home/administrator/solpulse-dashboard/report.json (4,030 bytes)
  → /home/administrator/solpulse-dashboard/report.md (2,038 bytes)

Status: HEALTHY | Health Score: 100/100
[1/4] Aggregating on-chain + off-chain data...
[2/4] Running anomaly detection engine...
[3/4] Writing machine-readable JSON...
[4/4] Writing human-readable Markdown...

✓ Reports generated:
  → /home/administrator/solpulse-dashboard/report.json (4,029 bytes)
  → /home/administrator/solpulse-dashboard/report.md (2,038 bytes)

Status: HEALTHY | Health Score: 100/100
[1/4] Aggregating on-chain + off-chain data...
[2/4] Running anomaly detection engine...
[3/4] Writing machine-readable JSON...
[4/4] Writing human-readable Markdown...

✓ Reports generated:
  → /home/administrator/solpulse-dashboard/report.json (4,029 bytes)
  → /home/administrator/solpulse-dashboard/report.md (2,038 bytes)

Status: HEALTHY | Health Score: 100/100
[1/4] Aggregating on-chain + off-chain data...
[2/4] Running anomaly detection engine...
[3/4] Writing machine-readable JSON...
[4/4] Writing human-readable Markdown...

✓ Reports generated:
  → /home/administrator/solpulse-dashboard/report.json (4,030 bytes)
  → /home/administrator/solpulse-dashboard/report.md (2,038 bytes)

Status: HEALTHY | Health Score: 100/100
[1/4] Aggregating on-chain + off-chain data...
[2/4] Running anomaly detection engine...
[3/4] Writing machine-readable JSON...
[4/4] Writing human-readable Markdown...

✓ Reports generated:
  → /home/administrator/solpulse-dashboard/report.json (4,029 bytes)
  → /home/administrator/solpulse-dashboard/report.md (2,038 bytes)

Status: HEALTHY | Health Score: 100/100
[1/4] Aggregating on-chain + off-chain data...
[2/4] Running anomaly detection engine...
[3/4] Writing machine-readable JSON...
[4/4] Writing human-readable Markdown...

✓ Reports generated:
  → /home/administrator/solpulse-dashboard/report.json (4,030 bytes)
  → /home/administrator/solpulse-dashboard/report.md (2,038 bytes)

Status: HEALTHY | Health Score: 100/100
[1/4] Aggregating on-chain + off-chain data...
[2/4] Running anomaly detection engine...
[3/4] Writing machine-readable JSON...
[4/4] Writing human-readable Markdown...

✓ Reports generated:
  → /home/administrator/solpulse-dashboard/report.json (4,028 bytes)
  → /home/administrator/solpulse-dashboard/report.md (2,037 bytes)

Status: HEALTHY | Health Score: 100/100
[1/4] Aggregating on-chain + off-chain data...
[2/4] Running anomaly detection engine...
[3/4] Writing machine-readable JSON...
[4/4] Writing human-readable Markdown...

✓ Reports generated:
  → /home/administrator/solpulse-dashboard/report.json (4,029 bytes)
  → /home/administrator/solpulse-dashboard/report.md (2,038 bytes)

Status: HEALTHY | Health Score: 100/100
[1/4] Aggregating on-chain + off-chain data...
[2/4] Running anomaly detection engine...
[3/4] Writing machine-readable JSON...
[4/4] Writing human-readable Markdown...

✓ Reports generated:
  → /home/administrator/solpulse-dashboard/report.json (4,029 bytes)
  → /home/administrator/solpulse-dashboard/report.md (2,038 bytes)

Status: HEALTHY | Health Score: 100/100
[1/4] Aggregating on-chain + off-chain data...
[2/4] Running anomaly detection engine...
[3/4] Writing machine-readable JSON...
[4/4] Writing human-readable Markdown...

✓ Reports generated:
  → /home/administrator/solpulse-dashboard/report.json (4,030 bytes)
  → /home/administrator/solpulse-dashboard/report.md (2,038 bytes)

Status: HEALTHY | Health Score: 100/100
[1/4] Aggregating on-chain + off-chain data...
[2/4] Running anomaly detection engine...
[3/4] Writing machine-readable JSON...
[4/4] Writing human-readable Markdown...

✓ Reports generated:
  → /home/administrator/solpulse-dashboard/report.json (1,794 bytes)
  → /home/administrator/solpulse-dashboard/report.md (1,492 bytes)

Status: CRITICAL | Health Score: 40/100
[1/4] Aggregating on-chain + off-chain data...
[2/4] Running anomaly detection engine...
[3/4] Writing machine-readable JSON...
[4/4] Writing human-readable Markdown...

✓ Reports generated:
  → /home/administrator/solpulse-dashboard/report.json (4,029 bytes)
  → /home/administrator/solpulse-dashboard/report.md (2,038 bytes)

Status: HEALTHY | Health Score: 100/100
[1/4] Aggregating on-chain + off-chain data...
[2/4] Running anomaly detection engine...
[3/4] Writing machine-readable JSON...
[4/4] Writing human-readable Markdown...

✓ Reports generated:
  → /home/administrator/solpulse-dashboard/report.json (4,030 bytes)
  → /home/administrator/solpulse-dashboard/report.md (2,038 bytes)

Status: HEALTHY | Health Score: 100/100
[1/4] Aggregating on-chain + off-chain data...
[2/4] Running anomaly detection engine...
[3/4] Writing machine-readable JSON...
[4/4] Writing human-readable Markdown...

✓ Reports generated:
  → /home/administrator/solpulse-dashboard/report.json (4,029 bytes)
  → /home/administrator/solpulse-dashboard/report.md (2,038 bytes)

Status: HEALTHY | Health Score: 100/100
[1/4] Aggregating on-chain + off-chain data...
[2/4] Running anomaly detection engine...
[3/4] Writing machine-readable JSON...
[4/4] Writing human-readable Markdown...

✓ Reports generated:
  → /home/administrator/solpulse-dashboard/report.json (4,029 bytes)
  → /home/administrator/solpulse-dashboard/report.md (2,038 bytes)

Status: HEALTHY | Health Score: 100/100
[1/4] Aggregating on-chain + off-chain data...
[2/4] Running anomaly detection engine...
[3/4] Writing machine-readable JSON...
[4/4] Writing human-readable Markdown...

✓ Reports generated:
  → /home/administrator/solpulse-dashboard/report.json (4,030 bytes)
  → /home/administrator/solpulse-dashboard/report.md (2,038 bytes)

Status: HEALTHY | Health Score: 100/100
[1/4] Aggregating on-chain + off-chain data...
[2/4] Running anomaly detection engine...
[3/4] Writing machine-readable JSON...
[4/4] Writing human-readable Markdown...

✓ Reports generated:
  → /home/administrator/solpulse-dashboard/report.json (4,030 bytes)
  → /home/administrator/solpulse-dashboard/report.md (2,038 bytes)

Status: HEALTHY | Health Score: 100/100
[1/4] Aggregating on-chain + off-chain data...
[2/4] Running anomaly detection engine...
[3/4] Writing machine-readable JSON...
[4/4] Writing human-readable Markdown...

✓ Reports generated:
  → /home/administrator/solpulse-dashboard/report.json (4,030 bytes)
  → /home/administrator/solpulse-dashboard/report.md (2,038 bytes)

Status: HEALTHY | Health Score: 100/100
[1/4] Aggregating on-chain + off-chain data...
[2/4] Running anomaly detection engine...
[3/4] Writing machine-readable JSON...
[4/4] Writing human-readable Markdown...

✓ Reports generated:
  → /home/administrator/solpulse-dashboard/report.json (4,029 bytes)
  → /home/administrator/solpulse-dashboard/report.md (2,037 bytes)

Status: HEALTHY | Health Score: 100/100
[1/4] Aggregating on-chain + off-chain data...
[2/4] Running anomaly detection engine...
[3/4] Writing machine-readable JSON...
[4/4] Writing human-readable Markdown...

✓ Reports generated:
  → /home/administrator/solpulse-dashboard/report.json (4,027 bytes)
  → /home/administrator/solpulse-dashboard/report.md (2,037 bytes)

Status: HEALTHY | Health Score: 100/100
[1/4] Aggregating on-chain + off-chain data...
[2/4] Running anomaly detection engine...
[3/4] Writing machine-readable JSON...
[4/4] Writing human-readable Markdown...

✓ Reports generated:
  → /home/administrator/solpulse-dashboard/report.json (4,029 bytes)
  → /home/administrator/solpulse-dashboard/report.md (2,038 bytes)

Status: HEALTHY | Health Score: 100/100
[1/4] Aggregating on-chain + off-chain data...
[2/4] Running anomaly detection engine...
[3/4] Writing machine-readable JSON...
[4/4] Writing human-readable Markdown...

✓ Reports generated:
  → /home/administrator/solpulse-dashboard/report.json (4,028 bytes)
  → /home/administrator/solpulse-dashboard/report.md (2,038 bytes)

Status: HEALTHY | Health Score: 100/100
[1/4] Aggregating on-chain + off-chain data...
[2/4] Running anomaly detection engine...
[3/4] Writing machine-readable JSON...
[4/4] Writing human-readable Markdown...

✓ Reports generated:
  → /home/administrator/solpulse-dashboard/report.json (4,027 bytes)
  → /home/administrator/solpulse-dashboard/report.md (2,038 bytes)

Status: HEALTHY | Health Score: 100/100
[1/4] Aggregating on-chain + off-chain data...
[2/4] Running anomaly detection engine...
[3/4] Writing machine-readable JSON...
[4/4] Writing human-readable Markdown...

✓ Reports generated:
  → /home/administrator/solpulse-dashboard/report.json (4,028 bytes)
  → /home/administrator/solpulse-dashboard/report.md (2,038 bytes)

Status: HEALTHY | Health Score: 100/100
[1/4] Aggregating on-chain + off-chain data...
[2/4] Running anomaly detection engine...
[3/4] Writing machine-readable JSON...
[4/4] Writing human-readable Markdown...

✓ Reports generated:
  → /home/administrator/solpulse-dashboard/report.json (4,028 bytes)
  → /home/administrator/solpulse-dashboard/report.md (2,038 bytes)

Status: HEALTHY | Health Score: 100/100
[1/4] Aggregating on-chain + off-chain data...
[2/4] Running anomaly detection engine...
[3/4] Writing machine-readable JSON...
[4/4] Writing human-readable Markdown...

✓ Reports generated:
  → /home/administrator/solpulse-dashboard/report.json (4,029 bytes)
  → /home/administrator/solpulse-dashboard/report.md (2,038 bytes)

Status: HEALTHY | Health Score: 100/100
[1/4] Aggregating on-chain + off-chain data...
[2/4] Running anomaly detection engine...
[3/4] Writing machine-readable JSON...
[4/4] Writing human-readable Markdown...

✓ Reports generated:
  → /home/administrator/solpulse-dashboard/report.json (4,028 bytes)
  → /home/administrator/solpulse-dashboard/report.md (2,038 bytes)

Status: HEALTHY | Health Score: 100/100
[1/4] Aggregating on-chain + off-chain data...
[2/4] Running anomaly detection engine...
[3/4] Writing machine-readable JSON...
[4/4] Writing human-readable Markdown...

✓ Reports generated:
  → /home/administrator/solpulse-dashboard/report.json (4,029 bytes)
  → /home/administrator/solpulse-dashboard/report.md (2,038 bytes)

Status: HEALTHY | Health Score: 100/100
[1/4] Aggregating on-chain + off-chain data...
[2/4] Running anomaly detection engine...
[3/4] Writing machine-readable JSON...
[4/4] Writing human-readable Markdown...

✓ Reports generated:
  → /home/administrator/solpulse-dashboard/report.json (4,029 bytes)
  → /home/administrator/solpulse-dashboard/report.md (2,038 bytes)

Status: HEALTHY | Health Score: 100/100
[1/4] Aggregating on-chain + off-chain data...
[2/4] Running anomaly detection engine...
[3/4] Writing machine-readable JSON...
[4/4] Writing human-readable Markdown...

✓ Reports generated:
  → /home/administrator/solpulse-dashboard/report.json (4,028 bytes)
  → /home/administrator/solpulse-dashboard/report.md (2,037 bytes)

Status: HEALTHY | Health Score: 100/100
[1/4] Aggregating on-chain + off-chain data...
[2/4] Running anomaly detection engine...
[3/4] Writing machine-readable JSON...
[4/4] Writing human-readable Markdown...

✓ Reports generated:
  → /home/administrator/solpulse-dashboard/report.json (4,028 bytes)
  → /home/administrator/solpulse-dashboard/report.md (2,038 bytes)

Status: HEALTHY | Health Score: 100/100
[1/4] Aggregating on-chain + off-chain data...
[2/4] Running anomaly detection engine...
[3/4] Writing machine-readable JSON...
[4/4] Writing human-readable Markdown...

✓ Reports generated:
  → /home/administrator/solpulse-dashboard/report.json (4,027 bytes)
  → /home/administrator/solpulse-dashboard/report.md (2,037 bytes)

Status: HEALTHY | Health Score: 100/100
[1/4] Aggregating on-chain + off-chain data...
[2/4] Running anomaly detection engine...
[3/4] Writing machine-readable JSON...
[4/4] Writing human-readable Markdown...

✓ Reports generated:
  → /home/administrator/solpulse-dashboard/report.json (4,029 bytes)
  → /home/administrator/solpulse-dashboard/report.md (2,038 bytes)

Status: HEALTHY | Health Score: 100/100
[1/4] Aggregating on-chain + off-chain data...
[2/4] Running anomaly detection engine...
[3/4] Writing machine-readable JSON...
[4/4] Writing human-readable Markdown...

✓ Reports generated:
  → /home/administrator/solpulse-dashboard/report.json (4,028 bytes)
  → /home/administrator/solpulse-dashboard/report.md (2,037 bytes)

Status: HEALTHY | Health Score: 100/100
[1/4] Aggregating on-chain + off-chain data...
[2/4] Running anomaly detection engine...
[3/4] Writing machine-readable JSON...
[4/4] Writing human-readable Markdown...

✓ Reports generated:
  → /home/administrator/solpulse-dashboard/report.json (4,029 bytes)
  → /home/administrator/solpulse-dashboard/report.md (2,038 bytes)

Status: HEALTHY | Health Score: 100/100
[1/4] Aggregating on-chain + off-chain data...
[2/4] Running anomaly detection engine...
[3/4] Writing machine-readable JSON...
[4/4] Writing human-readable Markdown...

✓ Reports generated:
  → /home/administrator/solpulse-dashboard/report.json (4,028 bytes)
  → /home/administrator/solpulse-dashboard/report.md (2,038 bytes)

Status: HEALTHY | Health Score: 100/100
[1/4] Aggregating on-chain + off-chain data...
[2/4] Running anomaly detection engine...
[3/4] Writing machine-readable JSON...
[4/4] Writing human-readable Markdown...

✓ Reports generated:
  → /home/administrator/solpulse-dashboard/report.json (4,028 bytes)
  → /home/administrator/solpulse-dashboard/report.md (2,038 bytes)

Status: HEALTHY | Health Score: 100/100
[1/4] Aggregating on-chain + off-chain data...
[2/4] Running anomaly detection engine...
[3/4] Writing machine-readable JSON...
[4/4] Writing human-readable Markdown...

✓ Reports generated:
  → /home/administrator/solpulse-dashboard/report.json (4,027 bytes)
  → /home/administrator/solpulse-dashboard/report.md (2,037 bytes)

Status: HEALTHY | Health Score: 100/100
[1/4] Aggregating on-chain + off-chain data...
[2/4] Running anomaly detection engine...
[3/4] Writing machine-readable JSON...
[4/4] Writing human-readable Markdown...

✓ Reports generated:
  → /home/administrator/solpulse-dashboard/report.json (4,024 bytes)
  → /home/administrator/solpulse-dashboard/report.md (2,037 bytes)

Status: HEALTHY | Health Score: 100/100
[1/4] Aggregating on-chain + off-chain data...
[2/4] Running anomaly detection engine...
[3/4] Writing machine-readable JSON...
[4/4] Writing human-readable Markdown...

✓ Reports generated:
  → /home/administrator/solpulse-dashboard/report.json (4,028 bytes)
  → /home/administrator/solpulse-dashboard/report.md (2,038 bytes)

Status: HEALTHY | Health Score: 100/100
[1/4] Aggregating on-chain + off-chain data...
[2/4] Running anomaly detection engine...
[3/4] Writing machine-readable JSON...
[4/4] Writing human-readable Markdown...

✓ Reports generated:
  → /home/administrator/solpulse-dashboard/report.json (4,028 bytes)
  → /home/administrator/solpulse-dashboard/report.md (2,038 bytes)

Status: HEALTHY | Health Score: 100/100
[1/4] Aggregating on-chain + off-chain data...
[2/4] Running anomaly detection engine...
[3/4] Writing machine-readable JSON...
[4/4] Writing human-readable Markdown...

✓ Reports generated:
  → /home/administrator/solpulse-dashboard/report.json (4,027 bytes)
  → /home/administrator/solpulse-dashboard/report.md (2,038 bytes)

Status: HEALTHY | Health Score: 100/100
[1/4] Aggregating on-chain + off-chain data...
[2/4] Running anomaly detection engine...
[3/4] Writing machine-readable JSON...
[4/4] Writing human-readable Markdown...

✓ Reports generated:
  → /home/administrator/solpulse-dashboard/report.json (4,028 bytes)
  → /home/administrator/solpulse-dashboard/report.md (2,038 bytes)

Status: HEALTHY | Health Score: 100/100
[1/4] Aggregating on-chain + off-chain data...
[2/4] Running anomaly detection engine...
[3/4] Writing machine-readable JSON...
[4/4] Writing human-readable Markdown...

✓ Reports generated:
  → /home/administrator/solpulse-dashboard/report.json (4,026 bytes)
  → /home/administrator/solpulse-dashboard/report.md (2,037 bytes)

Status: HEALTHY | Health Score: 100/100
[1/4] Aggregating on-chain + off-chain data...
[2/4] Running anomaly detection engine...
[3/4] Writing machine-readable JSON...
[4/4] Writing human-readable Markdown...

✓ Reports generated:
  → /home/administrator/solpulse-dashboard/report.json (4,027 bytes)
  → /home/administrator/solpulse-dashboard/report.md (2,038 bytes)

Status: HEALTHY | Health Score: 100/100
[1/4] Aggregating on-chain + off-chain data...
[2/4] Running anomaly detection engine...
[3/4] Writing machine-readable JSON...
[4/4] Writing human-readable Markdown...

✓ Reports generated:
  → /home/administrator/solpulse-dashboard/report.json (4,027 bytes)
  → /home/administrator/solpulse-dashboard/report.md (2,038 bytes)

Status: HEALTHY | Health Score: 100/100
[1/4] Aggregating on-chain + off-chain data...
[2/4] Running anomaly detection engine...
[3/4] Writing machine-readable JSON...
[4/4] Writing human-readable Markdown...

✓ Reports generated:
  → /home/administrator/solpulse-dashboard/report.json (4,027 bytes)
  → /home/administrator/solpulse-dashboard/report.md (2,037 bytes)

Status: HEALTHY | Health Score: 100/100
[1/4] Aggregating on-chain + off-chain data...
[2/4] Running anomaly detection engine...
[3/4] Writing machine-readable JSON...
[4/4] Writing human-readable Markdown...

✓ Reports generated:
  → /home/administrator/solpulse-dashboard/report.json (4,028 bytes)
  → /home/administrator/solpulse-dashboard/report.md (2,038 bytes)

Status: HEALTHY | Health Score: 100/100
[1/4] Aggregating on-chain + off-chain data...
[2/4] Running anomaly detection engine...
[3/4] Writing machine-readable JSON...
[4/4] Writing human-readable Markdown...

✓ Reports generated:
  → /home/administrator/solpulse-dashboard/report.json (4,027 bytes)
  → /home/administrator/solpulse-dashboard/report.md (2,038 bytes)

Status: HEALTHY | Health Score: 100/100
[1/4] Aggregating on-chain + off-chain data...
[2/4] Running anomaly detection engine...
[3/4] Writing machine-readable JSON...
[4/4] Writing human-readable Markdown...

✓ Reports generated:
  → /home/administrator/solpulse-dashboard/report.json (4,027 bytes)
  → /home/administrator/solpulse-dashboard/report.md (2,037 bytes)

Status: HEALTHY | Health Score: 100/100
[1/4] Aggregating on-chain + off-chain data...
[2/4] Running anomaly detection engine...
[3/4] Writing machine-readable JSON...
[4/4] Writing human-readable Markdown...

✓ Reports generated:
  → /home/administrator/solpulse-dashboard/report.json (4,028 bytes)
  → /home/administrator/solpulse-dashboard/report.md (2,038 bytes)

Status: HEALTHY | Health Score: 100/100
[1/4] Aggregating on-chain + off-chain data...
[2/4] Running anomaly detection engine...
[3/4] Writing machine-readable JSON...
[4/4] Writing human-readable Markdown...

✓ Reports generated:
  → /home/administrator/solpulse-dashboard/report.json (4,028 bytes)
  → /home/administrator/solpulse-dashboard/report.md (2,038 bytes)

Status: HEALTHY | Health Score: 100/100
[1/4] Aggregating on-chain + off-chain data...
[2/4] Running anomaly detection engine...
[3/4] Writing machine-readable JSON...
[4/4] Writing human-readable Markdown...

✓ Reports generated:
  → /home/administrator/solpulse-dashboard/report.json (4,028 bytes)
  → /home/administrator/solpulse-dashboard/report.md (2,038 bytes)

Status: HEALTHY | Health Score: 100/100
[1/4] Aggregating on-chain + off-chain data...
[2/4] Running anomaly detection engine...
[3/4] Writing machine-readable JSON...
[4/4] Writing human-readable Markdown...

✓ Reports generated:
  → /home/administrator/solpulse-dashboard/report.json (4,028 bytes)
  → /home/administrator/solpulse-dashboard/report.md (2,038 bytes)

Status: HEALTHY | Health Score: 100/100
[1/4] Aggregating on-chain + off-chain data...
[2/4] Running anomaly detection engine...
[3/4] Writing machine-readable JSON...
[4/4] Writing human-readable Markdown...

✓ Reports generated:
  → /home/administrator/solpulse-dashboard/report.json (4,028 bytes)
  → /home/administrator/solpulse-dashboard/report.md (2,038 bytes)

Status: HEALTHY | Health Score: 100/100
[1/4] Aggregating on-chain + off-chain data...
[2/4] Running anomaly detection engine...
[3/4] Writing machine-readable JSON...
[4/4] Writing human-readable Markdown...

✓ Reports generated:
  → /home/administrator/solpulse-dashboard/report.json (4,028 bytes)
  → /home/administrator/solpulse-dashboard/report.md (2,038 bytes)

Status: HEALTHY | Health Score: 100/100
[1/4] Aggregating on-chain + off-chain data...
[2/4] Running anomaly detection engine...
[3/4] Writing machine-readable JSON...
[4/4] Writing human-readable Markdown...

✓ Reports generated:
  → /home/administrator/solpulse-dashboard/report.json (4,028 bytes)
  → /home/administrator/solpulse-dashboard/report.md (2,038 bytes)

Status: HEALTHY | Health Score: 100/100
[1/4] Aggregating on-chain + off-chain data...
[2/4] Running anomaly detection engine...
[3/4] Writing machine-readable JSON...
[4/4] Writing human-readable Markdown...

✓ Reports generated:
  → /home/administrator/solpulse-dashboard/report.json (4,028 bytes)
  → /home/administrator/solpulse-dashboard/report.md (2,038 bytes)

Status: HEALTHY | Health Score: 100/100
[1/4] Aggregating on-chain + off-chain data...
[2/4] Running anomaly detection engine...
[3/4] Writing machine-readable JSON...
[4/4] Writing human-readable Markdown...

✓ Reports generated:
  → /home/administrator/solpulse-dashboard/report.json (4,028 bytes)
  → /home/administrator/solpulse-dashboard/report.md (2,038 bytes)

Status: HEALTHY | Health Score: 100/100
[1/4] Aggregating on-chain + off-chain data...
[2/4] Running anomaly detection engine...
[3/4] Writing machine-readable JSON...
[4/4] Writing human-readable Markdown...

✓ Reports generated:
  → /home/administrator/solpulse-dashboard/report.json (4,028 bytes)
  → /home/administrator/solpulse-dashboard/report.md (2,038 bytes)

Status: HEALTHY | Health Score: 100/100
[1/4] Aggregating on-chain + off-chain data...
[2/4] Running anomaly detection engine...
[3/4] Writing machine-readable JSON...
[4/4] Writing human-readable Markdown...

✓ Reports generated:
  → /home/administrator/solpulse-dashboard/report.json (4,028 bytes)
  → /home/administrator/solpulse-dashboard/report.md (2,038 bytes)

Status: HEALTHY | Health Score: 100/100
[1/4] Aggregating on-chain + off-chain data...
[2/4] Running anomaly detection engine...
[3/4] Writing machine-readable JSON...
[4/4] Writing human-readable Markdown...

✓ Reports generated:
  → /home/administrator/solpulse-dashboard/report.json (4,026 bytes)
  → /home/administrator/solpulse-dashboard/report.md (2,038 bytes)

Status: HEALTHY | Health Score: 100/100
[1/4] Aggregating on-chain + off-chain data...
[2/4] Running anomaly detection engine...
[3/4] Writing machine-readable JSON...
[4/4] Writing human-readable Markdown...

✓ Reports generated:
  → /home/administrator/solpulse-dashboard/report.json (4,026 bytes)
  → /home/administrator/solpulse-dashboard/report.md (2,037 bytes)

Status: HEALTHY | Health Score: 100/100
[1/4] Aggregating on-chain + off-chain data...
[2/4] Running anomaly detection engine...
[3/4] Writing machine-readable JSON...
[4/4] Writing human-readable Markdown...

✓ Reports generated:
  → /home/administrator/solpulse-dashboard/report.json (4,028 bytes)
  → /home/administrator/solpulse-dashboard/report.md (2,038 bytes)

Status: HEALTHY | Health Score: 100/100
[1/4] Aggregating on-chain + off-chain data...
[2/4] Running anomaly detection engine...
[3/4] Writing machine-readable JSON...
[4/4] Writing human-readable Markdown...

✓ Reports generated:
  → /home/administrator/solpulse-dashboard/report.json (4,028 bytes)
  → /home/administrator/solpulse-dashboard/report.md (2,038 bytes)

Status: HEALTHY | Health Score: 100/100
[1/4] Aggregating on-chain + off-chain data...
[2/4] Running anomaly detection engine...
[3/4] Writing machine-readable JSON...
[4/4] Writing human-readable Markdown...

✓ Reports generated:
  → /home/administrator/solpulse-dashboard/report.json (4,027 bytes)
  → /home/administrator/solpulse-dashboard/report.md (2,038 bytes)

Status: HEALTHY | Health Score: 100/100
[1/4] Aggregating on-chain + off-chain data...
[2/4] Running anomaly detection engine...
[3/4] Writing machine-readable JSON...
[4/4] Writing human-readable Markdown...

✓ Reports generated:
  → /home/administrator/solpulse-dashboard/report.json (4,028 bytes)
  → /home/administrator/solpulse-dashboard/report.md (2,038 bytes)

Status: HEALTHY | Health Score: 100/100
[1/4] Aggregating on-chain + off-chain data...
[2/4] Running anomaly detection engine...
[3/4] Writing machine-readable JSON...
[4/4] Writing human-readable Markdown...

✓ Reports generated:
  → /home/administrator/solpulse-dashboard/report.json (4,026 bytes)
  → /home/administrator/solpulse-dashboard/report.md (2,038 bytes)

Status: HEALTHY | Health Score: 100/100
[1/4] Aggregating on-chain + off-chain data...
[2/4] Running anomaly detection engine...
[3/4] Writing machine-readable JSON...
[4/4] Writing human-readable Markdown...

✓ Reports generated:
  → /home/administrator/solpulse-dashboard/report.json (4,028 bytes)
  → /home/administrator/solpulse-dashboard/report.md (2,038 bytes)

Status: HEALTHY | Health Score: 100/100
[1/4] Aggregating on-chain + off-chain data...
[2/4] Running anomaly detection engine...
[3/4] Writing machine-readable JSON...
[4/4] Writing human-readable Markdown...

✓ Reports generated:
  → /home/administrator/solpulse-dashboard/report.json (4,027 bytes)
  → /home/administrator/solpulse-dashboard/report.md (2,037 bytes)

Status: HEALTHY | Health Score: 100/100
[1/4] Aggregating on-chain + off-chain data...
[2/4] Running anomaly detection engine...
[3/4] Writing machine-readable JSON...
[4/4] Writing human-readable Markdown...

✓ Reports generated:
  → /home/administrator/solpulse-dashboard/report.json (4,028 bytes)
  → /home/administrator/solpulse-dashboard/report.md (2,038 bytes)

Status: HEALTHY | Health Score: 100/100
[1/4] Aggregating on-chain + off-chain data...
[2/4] Running anomaly detection engine...
[3/4] Writing machine-readable JSON...
[4/4] Writing human-readable Markdown...

✓ Reports generated:
  → /home/administrator/solpulse-dashboard/report.json (4,028 bytes)
  → /home/administrator/solpulse-dashboard/report.md (2,038 bytes)

Status: HEALTHY | Health Score: 100/100
[1/4] Aggregating on-chain + off-chain data...
[2/4] Running anomaly detection engine...
[3/4] Writing machine-readable JSON...
[4/4] Writing human-readable Markdown...

✓ Reports generated:
  → /home/administrator/solpulse-dashboard/report.json (4,028 bytes)
  → /home/administrator/solpulse-dashboard/report.md (2,038 bytes)

Status: HEALTHY | Health Score: 100/100
[1/4] Aggregating on-chain + off-chain data...
[2/4] Running anomaly detection engine...
[3/4] Writing machine-readable JSON...
[4/4] Writing human-readable Markdown...

✓ Reports generated:
  → /home/administrator/solpulse-dashboard/report.json (4,027 bytes)
  → /home/administrator/solpulse-dashboard/report.md (2,037 bytes)

Status: HEALTHY | Health Score: 100/100
[1/4] Aggregating on-chain + off-chain data...
[2/4] Running anomaly detection engine...
[3/4] Writing machine-readable JSON...
[4/4] Writing human-readable Markdown...

✓ Reports generated:
  → /home/administrator/solpulse-dashboard/report.json (4,028 bytes)
  → /home/administrator/solpulse-dashboard/report.md (2,038 bytes)

Status: HEALTHY | Health Score: 100/100
[1/4] Aggregating on-chain + off-chain data...
[2/4] Running anomaly detection engine...
[3/4] Writing machine-readable JSON...
[4/4] Writing human-readable Markdown...

✓ Reports generated:
  → /home/administrator/solpulse-dashboard/report.json (4,027 bytes)
  → /home/administrator/solpulse-dashboard/report.md (2,038 bytes)

Status: HEALTHY | Health Score: 100/100
[1/4] Aggregating on-chain + off-chain data...
[2/4] Running anomaly detection engine...
[3/4] Writing machine-readable JSON...
[4/4] Writing human-readable Markdown...

✓ Reports generated:
  → /home/administrator/solpulse-dashboard/report.json (4,027 bytes)
  → /home/administrator/solpulse-dashboard/report.md (2,037 bytes)

Status: HEALTHY | Health Score: 100/100
[1/4] Aggregating on-chain + off-chain data...
[2/4] Running anomaly detection engine...
[3/4] Writing machine-readable JSON...
[4/4] Writing human-readable Markdown...

✓ Reports generated:
  → /home/administrator/solpulse-dashboard/report.json (4,027 bytes)
  → /home/administrator/solpulse-dashboard/report.md (2,038 bytes)

Status: HEALTHY | Health Score: 100/100
[1/4] Aggregating on-chain + off-chain data...
[2/4] Running anomaly detection engine...
[3/4] Writing machine-readable JSON...
[4/4] Writing human-readable Markdown...

✓ Reports generated:
  → /home/administrator/solpulse-dashboard/report.json (4,028 bytes)
  → /home/administrator/solpulse-dashboard/report.md (2,038 bytes)

Status: HEALTHY | Health Score: 100/100
[1/4] Aggregating on-chain + off-chain data...
[2/4] Running anomaly detection engine...
[3/4] Writing machine-readable JSON...
[4/4] Writing human-readable Markdown...

✓ Reports generated:
  → /home/administrator/solpulse-dashboard/report.json (4,028 bytes)
  → /home/administrator/solpulse-dashboard/report.md (2,038 bytes)

Status: HEALTHY | Health Score: 100/100
[1/4] Aggregating on-chain + off-chain data...
[2/4] Running anomaly detection engine...
[3/4] Writing machine-readable JSON...
[4/4] Writing human-readable Markdown...

✓ Reports generated:
  → /home/administrator/solpulse-dashboard/report.json (4,027 bytes)
  → /home/administrator/solpulse-dashboard/report.md (2,038 bytes)

Status: HEALTHY | Health Score: 100/100
[1/4] Aggregating on-chain + off-chain data...
[2/4] Running anomaly detection engine...
[3/4] Writing machine-readable JSON...
[4/4] Writing human-readable Markdown...

✓ Reports generated:
  → /home/administrator/solpulse-dashboard/report.json (4,027 bytes)
  → /home/administrator/solpulse-dashboard/report.md (2,038 bytes)

Status: HEALTHY | Health Score: 100/100
[1/4] Aggregating on-chain + off-chain data...
[2/4] Running anomaly detection engine...
[3/4] Writing machine-readable JSON...
[4/4] Writing human-readable Markdown...

✓ Reports generated:
  → /home/administrator/solpulse-dashboard/report.json (4,028 bytes)
  → /home/administrator/solpulse-dashboard/report.md (2,038 bytes)

Status: HEALTHY | Health Score: 100/100
[1/4] Aggregating on-chain + off-chain data...
[2/4] Running anomaly detection engine...
[3/4] Writing machine-readable JSON...
[4/4] Writing human-readable Markdown...

✓ Reports generated:
  → /home/administrator/solpulse-dashboard/report.json (4,027 bytes)
  → /home/administrator/solpulse-dashboard/report.md (2,038 bytes)

Status: HEALTHY | Health Score: 100/100
[1/4] Aggregating on-chain + off-chain data...
[2/4] Running anomaly detection engine...
[3/4] Writing machine-readable JSON...
[4/4] Writing human-readable Markdown...

✓ Reports generated:
  → /home/administrator/solpulse-dashboard/report.json (4,028 bytes)
  → /home/administrator/solpulse-dashboard/report.md (2,038 bytes)

Status: HEALTHY | Health Score: 100/100
[1/4] Aggregating on-chain + off-chain data...
[2/4] Running anomaly detection engine...
[3/4] Writing machine-readable JSON...
[4/4] Writing human-readable Markdown...

✓ Reports generated:
  → /home/administrator/solpulse-dashboard/report.json (4,027 bytes)
  → /home/administrator/solpulse-dashboard/report.md (2,038 bytes)

Status: HEALTHY | Health Score: 100/100
[1/4] Aggregating on-chain + off-chain data...
[2/4] Running anomaly detection engine...
[3/4] Writing machine-readable JSON...
[4/4] Writing human-readable Markdown...

✓ Reports generated:
  → /home/administrator/solpulse-dashboard/report.json (4,027 bytes)
  → /home/administrator/solpulse-dashboard/report.md (2,038 bytes)

Status: HEALTHY | Health Score: 100/100
[1/4] Aggregating on-chain + off-chain data...
[2/4] Running anomaly detection engine...
[3/4] Writing machine-readable JSON...
[4/4] Writing human-readable Markdown...

✓ Reports generated:
  → /home/administrator/solpulse-dashboard/report.json (4,028 bytes)
  → /home/administrator/solpulse-dashboard/report.md (2,038 bytes)

Status: HEALTHY | Health Score: 100/100
[1/4] Aggregating on-chain + off-chain data...
[2/4] Running anomaly detection engine...
[3/4] Writing machine-readable JSON...
[4/4] Writing human-readable Markdown...

✓ Reports generated:
  → /home/administrator/solpulse-dashboard/report.json (4,028 bytes)
  → /home/administrator/solpulse-dashboard/report.md (2,038 bytes)

Status: HEALTHY | Health Score: 100/100
[1/4] Aggregating on-chain + off-chain data...
[2/4] Running anomaly detection engine...
[3/4] Writing machine-readable JSON...
[4/4] Writing human-readable Markdown...

✓ Reports generated:
  → /home/administrator/solpulse-dashboard/report.json (4,026 bytes)
  → /home/administrator/solpulse-dashboard/report.md (2,037 bytes)

Status: HEALTHY | Health Score: 100/100
[1/4] Aggregating on-chain + off-chain data...
[2/4] Running anomaly detection engine...
[3/4] Writing machine-readable JSON...
[4/4] Writing human-readable Markdown...

✓ Reports generated:
  → /home/administrator/solpulse-dashboard/report.json (4,028 bytes)
  → /home/administrator/solpulse-dashboard/report.md (2,038 bytes)

Status: HEALTHY | Health Score: 100/100
[1/4] Aggregating on-chain + off-chain data...
[2/4] Running anomaly detection engine...
[3/4] Writing machine-readable JSON...
[4/4] Writing human-readable Markdown...

✓ Reports generated:
  → /home/administrator/solpulse-dashboard/report.json (4,028 bytes)
  → /home/administrator/solpulse-dashboard/report.md (2,038 bytes)

Status: HEALTHY | Health Score: 100/100
[1/4] Aggregating on-chain + off-chain data...
[2/4] Running anomaly detection engine...
[3/4] Writing machine-readable JSON...
[4/4] Writing human-readable Markdown...

✓ Reports generated:
  → /home/administrator/solpulse-dashboard/report.json (4,027 bytes)
  → /home/administrator/solpulse-dashboard/report.md (2,038 bytes)

Status: HEALTHY | Health Score: 100/100
[1/4] Aggregating on-chain + off-chain data...
[2/4] Running anomaly detection engine...
[3/4] Writing machine-readable JSON...
[4/4] Writing human-readable Markdown...

✓ Reports generated:
  → /home/administrator/solpulse-dashboard/report.json (4,027 bytes)
  → /home/administrator/solpulse-dashboard/report.md (2,038 bytes)

Status: HEALTHY | Health Score: 100/100
[1/4] Aggregating on-chain + off-chain data...
[2/4] Running anomaly detection engine...
[3/4] Writing machine-readable JSON...
[4/4] Writing human-readable Markdown...

✓ Reports generated:
  → /home/administrator/solpulse-dashboard/report.json (4,028 bytes)
  → /home/administrator/solpulse-dashboard/report.md (2,038 bytes)

Status: HEALTHY | Health Score: 100/100
[1/4] Aggregating on-chain + off-chain data...
[2/4] Running anomaly detection engine...
[2.5/4] Cross-source price verification (arbitrage spread)...
[3/4] Writing machine-readable JSON...
[4/4] Writing human-readable Markdown...

✓ Reports generated:
  → /home/administrator/solpulse-dashboard/report.json (4,386 bytes)
  → /home/administrator/solpulse-dashboard/report.md (2,038 bytes)

Status: HEALTHY | Health Score: 100/100
[1/4] Aggregating on-chain + off-chain data...
[2/4] Running anomaly detection engine...
[2.5/4] Cross-source price verification (arbitrage spread)...
[3/4] Writing machine-readable JSON...
[4/4] Writing human-readable Markdown...

✓ Reports generated:
  → /home/administrator/solpulse-dashboard/report.json (4,391 bytes)
  → /home/administrator/solpulse-dashboard/report.md (2,038 bytes)

Status: HEALTHY | Health Score: 100/100
[1/4] Aggregating on-chain + off-chain data...
[2/4] Running anomaly detection engine...
[2.5/4] Cross-source price verification (arbitrage spread)...
[3/4] Writing machine-readable JSON...
[4/4] Writing human-readable Markdown...

✓ Reports generated:
  → /home/administrator/solpulse-dashboard/report.json (4,394 bytes)
  → /home/administrator/solpulse-dashboard/report.md (2,038 bytes)

Status: HEALTHY | Health Score: 100/100
charts updated: 343 samples, 2.3h span
[1/4] Aggregating on-chain + off-chain data...
[2/4] Running anomaly detection engine...
[2.5/4] Cross-source price verification (arbitrage spread)...
[3/4] Writing machine-readable JSON...
[4/4] Writing human-readable Markdown...

✓ Reports generated:
  → /home/administrator/solpulse-dashboard/report.json (4,392 bytes)
  → /home/administrator/solpulse-dashboard/report.md (2,038 bytes)

Status: HEALTHY | Health Score: 100/100
charts updated: 344 samples, 2.3h span
[1/4] Aggregating on-chain + off-chain data...
[2/4] Running anomaly detection engine...
[2.5/4] Cross-source price verification (arbitrage spread)...
[3/4] Writing machine-readable JSON...
[4/4] Writing human-readable Markdown...

✓ Reports generated:
  → /home/administrator/solpulse-dashboard/report.json (4,393 bytes)
  → /home/administrator/solpulse-dashboard/report.md (2,038 bytes)

Status: HEALTHY | Health Score: 100/100
charts updated: 345 samples, 2.3h span
[1/4] Aggregating on-chain + off-chain data...
[2/4] Running anomaly detection engine...
[2.5/4] Cross-source price verification (arbitrage spread)...
[3/4] Writing machine-readable JSON...
[4/4] Writing human-readable Markdown...

✓ Reports generated:
  → /home/administrator/solpulse-dashboard/report.json (4,393 bytes)
  → /home/administrator/solpulse-dashboard/report.md (2,038 bytes)

Status: HEALTHY | Health Score: 100/100
charts updated: 346 samples, 2.3h span
[1/4] Aggregating on-chain + off-chain data...
[2/4] Running anomaly detection engine...
[2.5/4] Cross-source price verification (arbitrage spread)...
[3/4] Writing machine-readable JSON...
[4/4] Writing human-readable Markdown...

✓ Reports generated:
  → /home/administrator/solpulse-dashboard/report.json (4,391 bytes)
  → /home/administrator/solpulse-dashboard/report.md (2,038 bytes)

Status: HEALTHY | Health Score: 100/100
charts updated: 347 samples, 2.3h span
[1/4] Aggregating on-chain + off-chain data...
[2/4] Running anomaly detection engine...
[2.5/4] Cross-source price verification (arbitrage spread)...
[3/4] Writing machine-readable JSON...
[4/4] Writing human-readable Markdown...

✓ Reports generated:
  → /home/administrator/solpulse-dashboard/report.json (4,392 bytes)
  → /home/administrator/solpulse-dashboard/report.md (2,037 bytes)

Status: HEALTHY | Health Score: 100/100
charts updated: 348 samples, 2.3h span
[1/4] Aggregating on-chain + off-chain data...
[2/4] Running anomaly detection engine...
[2.5/4] Cross-source price verification (arbitrage spread)...
[3/4] Writing machine-readable JSON...
[4/4] Writing human-readable Markdown...

✓ Reports generated:
  → /home/administrator/solpulse-dashboard/report.json (4,387 bytes)
  → /home/administrator/solpulse-dashboard/report.md (2,038 bytes)

Status: HEALTHY | Health Score: 100/100
charts updated: 349 samples, 2.4h span
[1/4] Aggregating on-chain + off-chain data...
[2/4] Running anomaly detection engine...
[2.5/4] Cross-source price verification (arbitrage spread)...
[3/4] Writing machine-readable JSON...
[4/4] Writing human-readable Markdown...

✓ Reports generated:
  → /home/administrator/solpulse-dashboard/report.json (4,385 bytes)
  → /home/administrator/solpulse-dashboard/report.md (2,038 bytes)

Status: HEALTHY | Health Score: 100/100
charts updated: 350 samples, 2.4h span
[1/4] Aggregating on-chain + off-chain data...
[2/4] Running anomaly detection engine...
[2.5/4] Cross-source price verification (arbitrage spread)...
[3/4] Writing machine-readable JSON...
[4/4] Writing human-readable Markdown...

✓ Reports generated:
  → /home/administrator/solpulse-dashboard/report.json (4,394 bytes)
  → /home/administrator/solpulse-dashboard/report.md (2,038 bytes)

Status: HEALTHY | Health Score: 100/100
charts updated: 351 samples, 2.4h span
[1/4] Aggregating on-chain + off-chain data...
[2/4] Running anomaly detection engine...
[2.5/4] Cross-source price verification (arbitrage spread)...
[3/4] Writing machine-readable JSON...
[4/4] Writing human-readable Markdown...

✓ Reports generated:
  → /home/administrator/solpulse-dashboard/report.json (4,388 bytes)
  → /home/administrator/solpulse-dashboard/report.md (2,038 bytes)

Status: HEALTHY | Health Score: 100/100
charts updated: 352 samples, 2.4h span
[1/4] Aggregating on-chain + off-chain data...
[2/4] Running anomaly detection engine...
[2.5/4] Cross-source price verification (arbitrage spread)...
[3/4] Writing machine-readable JSON...
[4/4] Writing human-readable Markdown...

✓ Reports generated:
  → /home/administrator/solpulse-dashboard/report.json (4,386 bytes)
  → /home/administrator/solpulse-dashboard/report.md (2,038 bytes)

Status: HEALTHY | Health Score: 100/100
charts updated: 353 samples, 2.4h span
[1/4] Aggregating on-chain + off-chain data...
[2/4] Running anomaly detection engine...
[2.5/4] Cross-source price verification (arbitrage spread)...
[3/4] Writing machine-readable JSON...
[4/4] Writing human-readable Markdown...

✓ Reports generated:
  → /home/administrator/solpulse-dashboard/report.json (4,391 bytes)
  → /home/administrator/solpulse-dashboard/report.md (2,037 bytes)

Status: HEALTHY | Health Score: 100/100
charts updated: 354 samples, 2.4h span
[1/4] Aggregating on-chain + off-chain data...
[2/4] Running anomaly detection engine...
[2.5/4] Cross-source price verification (arbitrage spread)...
[3/4] Writing machine-readable JSON...
[4/4] Writing human-readable Markdown...

✓ Reports generated:
  → /home/administrator/solpulse-dashboard/report.json (4,392 bytes)
  → /home/administrator/solpulse-dashboard/report.md (2,038 bytes)

Status: HEALTHY | Health Score: 100/100
charts updated: 355 samples, 2.4h span
[1/4] Aggregating on-chain + off-chain data...
[2/4] Running anomaly detection engine...
[2.5/4] Cross-source price verification (arbitrage spread)...
[3/4] Writing machine-readable JSON...
[4/4] Writing human-readable Markdown...

✓ Reports generated:
  → /home/administrator/solpulse-dashboard/report.json (4,394 bytes)
  → /home/administrator/solpulse-dashboard/report.md (2,038 bytes)

Status: HEALTHY | Health Score: 100/100
charts updated: 356 samples, 2.4h span
[1/4] Aggregating on-chain + off-chain data...
[2/4] Running anomaly detection engine...
[2.5/4] Cross-source price verification (arbitrage spread)...
[3/4] Writing machine-readable JSON...
[4/4] Writing human-readable Markdown...

✓ Reports generated:
  → /home/administrator/solpulse-dashboard/report.json (4,393 bytes)
  → /home/administrator/solpulse-dashboard/report.md (2,038 bytes)

Status: HEALTHY | Health Score: 100/100
charts updated: 357 samples, 2.4h span
[1/4] Aggregating on-chain + off-chain data...
[2/4] Running anomaly detection engine...
[2.5/4] Cross-source price verification (arbitrage spread)...
[3/4] Writing machine-readable JSON...
[4/4] Writing human-readable Markdown...

✓ Reports generated:
  → /home/administrator/solpulse-dashboard/report.json (4,391 bytes)
  → /home/administrator/solpulse-dashboard/report.md (2,037 bytes)

Status: HEALTHY | Health Score: 100/100
charts updated: 358 samples, 2.4h span
[1/4] Aggregating on-chain + off-chain data...
[2/4] Running anomaly detection engine...
[2.5/4] Cross-source price verification (arbitrage spread)...
[3/4] Writing machine-readable JSON...
[4/4] Writing human-readable Markdown...

✓ Reports generated:
  → /home/administrator/solpulse-dashboard/report.json (4,393 bytes)
  → /home/administrator/solpulse-dashboard/report.md (2,038 bytes)

Status: HEALTHY | Health Score: 100/100
charts updated: 359 samples, 2.4h span
[1/4] Aggregating on-chain + off-chain data...
[2/4] Running anomaly detection engine...
[2.5/4] Cross-source price verification (arbitrage spread)...
[3/4] Writing machine-readable JSON...
[4/4] Writing human-readable Markdown...

✓ Reports generated:
  → /home/administrator/solpulse-dashboard/report.json (4,391 bytes)
  → /home/administrator/solpulse-dashboard/report.md (2,037 bytes)

Status: HEALTHY | Health Score: 100/100
charts updated: 360 samples, 2.4h span
[1/4] Aggregating on-chain + off-chain data...
[2/4] Running anomaly detection engine...
[2.5/4] Cross-source price verification (arbitrage spread)...
[3/4] Writing machine-readable JSON...
[4/4] Writing human-readable Markdown...

✓ Reports generated:
  → /home/administrator/solpulse-dashboard/report.json (4,387 bytes)
  → /home/administrator/solpulse-dashboard/report.md (2,038 bytes)

Status: HEALTHY | Health Score: 100/100
charts updated: 361 samples, 2.4h span
[1/4] Aggregating on-chain + off-chain data...
[2/4] Running anomaly detection engine...
[2.5/4] Cross-source price verification (arbitrage spread)...
[3/4] Writing machine-readable JSON...
[4/4] Writing human-readable Markdown...

✓ Reports generated:
  → /home/administrator/solpulse-dashboard/report.json (4,387 bytes)
  → /home/administrator/solpulse-dashboard/report.md (2,038 bytes)

Status: HEALTHY | Health Score: 100/100
charts updated: 362 samples, 2.5h span
[1/4] Aggregating on-chain + off-chain data...
[2/4] Running anomaly detection engine...
[2.5/4] Cross-source price verification (arbitrage spread)...
[3/4] Writing machine-readable JSON...
[4/4] Writing human-readable Markdown...

✓ Reports generated:
  → /home/administrator/solpulse-dashboard/report.json (4,385 bytes)
  → /home/administrator/solpulse-dashboard/report.md (2,038 bytes)

Status: HEALTHY | Health Score: 100/100
charts updated: 363 samples, 2.5h span
[1/4] Aggregating on-chain + off-chain data...
[2/4] Running anomaly detection engine...
[2.5/4] Cross-source price verification (arbitrage spread)...
[3/4] Writing machine-readable JSON...
[4/4] Writing human-readable Markdown...

✓ Reports generated:
  → /home/administrator/solpulse-dashboard/report.json (4,385 bytes)
  → /home/administrator/solpulse-dashboard/report.md (2,038 bytes)

Status: HEALTHY | Health Score: 100/100
charts updated: 364 samples, 2.5h span
[1/4] Aggregating on-chain + off-chain data...
[2/4] Running anomaly detection engine...
[2.5/4] Cross-source price verification (arbitrage spread)...
[3/4] Writing machine-readable JSON...
[4/4] Writing human-readable Markdown...

✓ Reports generated:
  → /home/administrator/solpulse-dashboard/report.json (4,385 bytes)
  → /home/administrator/solpulse-dashboard/report.md (2,038 bytes)

Status: HEALTHY | Health Score: 100/100
charts updated: 365 samples, 2.5h span
[1/4] Aggregating on-chain + off-chain data...
[2/4] Running anomaly detection engine...
[2.5/4] Cross-source price verification (arbitrage spread)...
[3/4] Writing machine-readable JSON...
[4/4] Writing human-readable Markdown...

✓ Reports generated:
  → /home/administrator/solpulse-dashboard/report.json (4,387 bytes)
  → /home/administrator/solpulse-dashboard/report.md (2,037 bytes)

Status: HEALTHY | Health Score: 100/100
charts updated: 366 samples, 2.5h span
[1/4] Aggregating on-chain + off-chain data...
[2/4] Running anomaly detection engine...
[2.5/4] Cross-source price verification (arbitrage spread)...
[3/4] Writing machine-readable JSON...
[4/4] Writing human-readable Markdown...

✓ Reports generated:
  → /home/administrator/solpulse-dashboard/report.json (4,385 bytes)
  → /home/administrator/solpulse-dashboard/report.md (2,038 bytes)

Status: HEALTHY | Health Score: 100/100
charts updated: 367 samples, 2.5h span
[1/4] Aggregating on-chain + off-chain data...
[2/4] Running anomaly detection engine...
[2.5/4] Cross-source price verification (arbitrage spread)...
[3/4] Writing machine-readable JSON...
[4/4] Writing human-readable Markdown...

✓ Reports generated:
  → /home/administrator/solpulse-dashboard/report.json (4,388 bytes)
  → /home/administrator/solpulse-dashboard/report.md (2,038 bytes)

Status: HEALTHY | Health Score: 100/100
charts updated: 368 samples, 2.5h span
[1/4] Aggregating on-chain + off-chain data...
[2/4] Running anomaly detection engine...
[2.5/4] Cross-source price verification (arbitrage spread)...
[3/4] Writing machine-readable JSON...
[4/4] Writing human-readable Markdown...

✓ Reports generated:
  → /home/administrator/solpulse-dashboard/report.json (4,388 bytes)
  → /home/administrator/solpulse-dashboard/report.md (2,038 bytes)

Status: HEALTHY | Health Score: 100/100
charts updated: 369 samples, 2.5h span
[1/4] Aggregating on-chain + off-chain data...
[2/4] Running anomaly detection engine...
[2.5/4] Cross-source price verification (arbitrage spread)...
[3/4] Writing machine-readable JSON...
[4/4] Writing human-readable Markdown...

✓ Reports generated:
  → /home/administrator/solpulse-dashboard/report.json (4,391 bytes)
  → /home/administrator/solpulse-dashboard/report.md (2,037 bytes)

Status: HEALTHY | Health Score: 100/100
charts updated: 370 samples, 2.5h span
[1/4] Aggregating on-chain + off-chain data...
[2/4] Running anomaly detection engine...
[2.5/4] Cross-source price verification (arbitrage spread)...
[3/4] Writing machine-readable JSON...
[4/4] Writing human-readable Markdown...

✓ Reports generated:
  → /home/administrator/solpulse-dashboard/report.json (4,392 bytes)
  → /home/administrator/solpulse-dashboard/report.md (2,037 bytes)

Status: HEALTHY | Health Score: 100/100
charts updated: 371 samples, 2.5h span
[1/4] Aggregating on-chain + off-chain data...
[2/4] Running anomaly detection engine...
[2.5/4] Cross-source price verification (arbitrage spread)...
[3/4] Writing machine-readable JSON...
[4/4] Writing human-readable Markdown...

✓ Reports generated:
  → /home/administrator/solpulse-dashboard/report.json (4,393 bytes)
  → /home/administrator/solpulse-dashboard/report.md (2,038 bytes)

Status: HEALTHY | Health Score: 100/100
charts updated: 372 samples, 2.5h span
[1/4] Aggregating on-chain + off-chain data...
[2/4] Running anomaly detection engine...
[2.5/4] Cross-source price verification (arbitrage spread)...
[3/4] Writing machine-readable JSON...
[4/4] Writing human-readable Markdown...

✓ Reports generated:
  → /home/administrator/solpulse-dashboard/report.json (4,394 bytes)
  → /home/administrator/solpulse-dashboard/report.md (2,038 bytes)

Status: HEALTHY | Health Score: 100/100
charts updated: 373 samples, 2.5h span
[1/4] Aggregating on-chain + off-chain data...
[2/4] Running anomaly detection engine...
[2.5/4] Cross-source price verification (arbitrage spread)...
[3/4] Writing machine-readable JSON...
[4/4] Writing human-readable Markdown...

✓ Reports generated:
  → /home/administrator/solpulse-dashboard/report.json (4,393 bytes)
  → /home/administrator/solpulse-dashboard/report.md (2,037 bytes)

Status: HEALTHY | Health Score: 100/100
charts updated: 374 samples, 2.5h span
[1/4] Aggregating on-chain + off-chain data...
[2/4] Running anomaly detection engine...
[2.5/4] Cross-source price verification (arbitrage spread)...
[3/4] Writing machine-readable JSON...
[4/4] Writing human-readable Markdown...

✓ Reports generated:
  → /home/administrator/solpulse-dashboard/report.json (4,393 bytes)
  → /home/administrator/solpulse-dashboard/report.md (2,038 bytes)

Status: HEALTHY | Health Score: 100/100
charts updated: 375 samples, 2.5h span
[1/4] Aggregating on-chain + off-chain data...
[2/4] Running anomaly detection engine...
[2.5/4] Cross-source price verification (arbitrage spread)...
[3/4] Writing machine-readable JSON...
[4/4] Writing human-readable Markdown...

✓ Reports generated:
  → /home/administrator/solpulse-dashboard/report.json (4,388 bytes)
  → /home/administrator/solpulse-dashboard/report.md (2,038 bytes)

Status: HEALTHY | Health Score: 100/100
charts updated: 376 samples, 2.5h span
[1/4] Aggregating on-chain + off-chain data...
[2/4] Running anomaly detection engine...
[2.5/4] Cross-source price verification (arbitrage spread)...
[3/4] Writing machine-readable JSON...
[4/4] Writing human-readable Markdown...

✓ Reports generated:
  → /home/administrator/solpulse-dashboard/report.json (4,391 bytes)
  → /home/administrator/solpulse-dashboard/report.md (2,038 bytes)

Status: HEALTHY | Health Score: 100/100
charts updated: 377 samples, 2.6h span
[1/4] Aggregating on-chain + off-chain data...
[2/4] Running anomaly detection engine...
[2.5/4] Cross-source price verification (arbitrage spread)...
[3/4] Writing machine-readable JSON...
[4/4] Writing human-readable Markdown...

✓ Reports generated:
  → /home/administrator/solpulse-dashboard/report.json (4,388 bytes)
  → /home/administrator/solpulse-dashboard/report.md (2,038 bytes)

Status: HEALTHY | Health Score: 100/100
charts updated: 378 samples, 2.6h span
[1/4] Aggregating on-chain + off-chain data...
[2/4] Running anomaly detection engine...
[2.5/4] Cross-source price verification (arbitrage spread)...
[3/4] Writing machine-readable JSON...
[4/4] Writing human-readable Markdown...

✓ Reports generated:
  → /home/administrator/solpulse-dashboard/report.json (4,387 bytes)
  → /home/administrator/solpulse-dashboard/report.md (2,037 bytes)

Status: HEALTHY | Health Score: 100/100
charts updated: 379 samples, 2.6h span
[1/4] Aggregating on-chain + off-chain data...
[2/4] Running anomaly detection engine...
[2.5/4] Cross-source price verification (arbitrage spread)...
[3/4] Writing machine-readable JSON...
[4/4] Writing human-readable Markdown...

✓ Reports generated:
  → /home/administrator/solpulse-dashboard/report.json (4,388 bytes)
  → /home/administrator/solpulse-dashboard/report.md (2,038 bytes)

Status: HEALTHY | Health Score: 100/100
charts updated: 380 samples, 2.6h span
[1/4] Aggregating on-chain + off-chain data...
[2/4] Running anomaly detection engine...
[2.5/4] Cross-source price verification (arbitrage spread)...
[3/4] Writing machine-readable JSON...
[4/4] Writing human-readable Markdown...

✓ Reports generated:
  → /home/administrator/solpulse-dashboard/report.json (4,387 bytes)
  → /home/administrator/solpulse-dashboard/report.md (2,038 bytes)

Status: HEALTHY | Health Score: 100/100
charts updated: 381 samples, 2.6h span
[1/4] Aggregating on-chain + off-chain data...
[2/4] Running anomaly detection engine...
[2.5/4] Cross-source price verification (arbitrage spread)...
[3/4] Writing machine-readable JSON...
[4/4] Writing human-readable Markdown...

✓ Reports generated:
  → /home/administrator/solpulse-dashboard/report.json (4,387 bytes)
  → /home/administrator/solpulse-dashboard/report.md (2,038 bytes)

Status: HEALTHY | Health Score: 100/100
charts updated: 382 samples, 2.6h span
[1/4] Aggregating on-chain + off-chain data...
[2/4] Running anomaly detection engine...
[2.5/4] Cross-source price verification (arbitrage spread)...
[3/4] Writing machine-readable JSON...
[4/4] Writing human-readable Markdown...

✓ Reports generated:
  → /home/administrator/solpulse-dashboard/report.json (4,384 bytes)
  → /home/administrator/solpulse-dashboard/report.md (2,038 bytes)

Status: HEALTHY | Health Score: 100/100
charts updated: 383 samples, 2.6h span
[1/4] Aggregating on-chain + off-chain data...
[2/4] Running anomaly detection engine...
[2.5/4] Cross-source price verification (arbitrage spread)...
[3/4] Writing machine-readable JSON...
[4/4] Writing human-readable Markdown...

✓ Reports generated:
  → /home/administrator/solpulse-dashboard/report.json (4,387 bytes)
  → /home/administrator/solpulse-dashboard/report.md (2,038 bytes)

Status: HEALTHY | Health Score: 100/100
charts updated: 384 samples, 2.6h span
[1/4] Aggregating on-chain + off-chain data...
[2/4] Running anomaly detection engine...
[2.5/4] Cross-source price verification (arbitrage spread)...
[3/4] Writing machine-readable JSON...
[4/4] Writing human-readable Markdown...

✓ Reports generated:
  → /home/administrator/solpulse-dashboard/report.json (4,386 bytes)
  → /home/administrator/solpulse-dashboard/report.md (2,038 bytes)

Status: HEALTHY | Health Score: 100/100
charts updated: 385 samples, 2.6h span
[1/4] Aggregating on-chain + off-chain data...
[2/4] Running anomaly detection engine...
[2.5/4] Cross-source price verification (arbitrage spread)...
[3/4] Writing machine-readable JSON...
[4/4] Writing human-readable Markdown...

✓ Reports generated:
  → /home/administrator/solpulse-dashboard/report.json (4,386 bytes)
  → /home/administrator/solpulse-dashboard/report.md (2,037 bytes)

Status: HEALTHY | Health Score: 100/100
charts updated: 386 samples, 2.6h span
[1/4] Aggregating on-chain + off-chain data...
[2/4] Running anomaly detection engine...
[2.5/4] Cross-source price verification (arbitrage spread)...
[3/4] Writing machine-readable JSON...
[4/4] Writing human-readable Markdown...

✓ Reports generated:
  → /home/administrator/solpulse-dashboard/report.json (4,386 bytes)
  → /home/administrator/solpulse-dashboard/report.md (2,038 bytes)

Status: HEALTHY | Health Score: 100/100
charts updated: 387 samples, 2.6h span
[1/4] Aggregating on-chain + off-chain data...
[2/4] Running anomaly detection engine...
[2.5/4] Cross-source price verification (arbitrage spread)...
[3/4] Writing machine-readable JSON...
[4/4] Writing human-readable Markdown...

✓ Reports generated:
  → /home/administrator/solpulse-dashboard/report.json (4,387 bytes)
  → /home/administrator/solpulse-dashboard/report.md (2,038 bytes)

Status: HEALTHY | Health Score: 100/100
charts updated: 388 samples, 2.6h span
[1/4] Aggregating on-chain + off-chain data...
[2/4] Running anomaly detection engine...
[2.5/4] Cross-source price verification (arbitrage spread)...
[3/4] Writing machine-readable JSON...
[4/4] Writing human-readable Markdown...

✓ Reports generated:
  → /home/administrator/solpulse-dashboard/report.json (4,388 bytes)
  → /home/administrator/solpulse-dashboard/report.md (2,037 bytes)

Status: HEALTHY | Health Score: 100/100
charts updated: 389 samples, 2.6h span
[1/4] Aggregating on-chain + off-chain data...
[2/4] Running anomaly detection engine...
[2.5/4] Cross-source price verification (arbitrage spread)...
[3/4] Writing machine-readable JSON...
[4/4] Writing human-readable Markdown...

✓ Reports generated:
  → /home/administrator/solpulse-dashboard/report.json (4,385 bytes)
  → /home/administrator/solpulse-dashboard/report.md (2,038 bytes)

Status: HEALTHY | Health Score: 100/100
charts updated: 390 samples, 2.6h span
[1/4] Aggregating on-chain + off-chain data...
[2/4] Running anomaly detection engine...
[2.5/4] Cross-source price verification (arbitrage spread)...
[3/4] Writing machine-readable JSON...
[4/4] Writing human-readable Markdown...

✓ Reports generated:
  → /home/administrator/solpulse-dashboard/report.json (4,388 bytes)
  → /home/administrator/solpulse-dashboard/report.md (2,038 bytes)

Status: HEALTHY | Health Score: 100/100
charts updated: 391 samples, 2.6h span
[1/4] Aggregating on-chain + off-chain data...
[2/4] Running anomaly detection engine...
[2.5/4] Cross-source price verification (arbitrage spread)...
[3/4] Writing machine-readable JSON...
[4/4] Writing human-readable Markdown...

✓ Reports generated:
  → /home/administrator/solpulse-dashboard/report.json (4,380 bytes)
  → /home/administrator/solpulse-dashboard/report.md (2,036 bytes)

Status: HEALTHY | Health Score: 100/100
charts updated: 392 samples, 2.7h span
[1/4] Aggregating on-chain + off-chain data...
[2/4] Running anomaly detection engine...
[2.5/4] Cross-source price verification (arbitrage spread)...
[3/4] Writing machine-readable JSON...
[4/4] Writing human-readable Markdown...

✓ Reports generated:
  → /home/administrator/solpulse-dashboard/report.json (4,383 bytes)
  → /home/administrator/solpulse-dashboard/report.md (2,037 bytes)

Status: HEALTHY | Health Score: 100/100
charts updated: 393 samples, 2.7h span
[1/4] Aggregating on-chain + off-chain data...
[2/4] Running anomaly detection engine...
[2.5/4] Cross-source price verification (arbitrage spread)...
[3/4] Writing machine-readable JSON...
[4/4] Writing human-readable Markdown...

✓ Reports generated:
  → /home/administrator/solpulse-dashboard/report.json (4,386 bytes)
  → /home/administrator/solpulse-dashboard/report.md (2,038 bytes)

Status: HEALTHY | Health Score: 100/100
charts updated: 394 samples, 2.7h span
[1/4] Aggregating on-chain + off-chain data...
[2/4] Running anomaly detection engine...
[2.5/4] Cross-source price verification (arbitrage spread)...
[3/4] Writing machine-readable JSON...
[4/4] Writing human-readable Markdown...

✓ Reports generated:
  → /home/administrator/solpulse-dashboard/report.json (4,388 bytes)
  → /home/administrator/solpulse-dashboard/report.md (2,038 bytes)

Status: HEALTHY | Health Score: 100/100
charts updated: 395 samples, 2.7h span
[1/4] Aggregating on-chain + off-chain data...
[2/4] Running anomaly detection engine...
[2.5/4] Cross-source price verification (arbitrage spread)...
[3/4] Writing machine-readable JSON...
[4/4] Writing human-readable Markdown...

✓ Reports generated:
  → /home/administrator/solpulse-dashboard/report.json (4,388 bytes)
  → /home/administrator/solpulse-dashboard/report.md (2,038 bytes)

Status: HEALTHY | Health Score: 100/100
charts updated: 396 samples, 2.7h span
[1/4] Aggregating on-chain + off-chain data...
[2/4] Running anomaly detection engine...
[2.5/4] Cross-source price verification (arbitrage spread)...
[3/4] Writing machine-readable JSON...
[4/4] Writing human-readable Markdown...

✓ Reports generated:
  → /home/administrator/solpulse-dashboard/report.json (4,386 bytes)
  → /home/administrator/solpulse-dashboard/report.md (2,038 bytes)

Status: HEALTHY | Health Score: 100/100
charts updated: 397 samples, 2.7h span
[1/4] Aggregating on-chain + off-chain data...
[2/4] Running anomaly detection engine...
[2.5/4] Cross-source price verification (arbitrage spread)...
[3/4] Writing machine-readable JSON...
[4/4] Writing human-readable Markdown...

✓ Reports generated:
  → /home/administrator/solpulse-dashboard/report.json (4,379 bytes)
  → /home/administrator/solpulse-dashboard/report.md (2,038 bytes)

Status: HEALTHY | Health Score: 100/100
charts updated: 398 samples, 2.7h span
[1/4] Aggregating on-chain + off-chain data...
[2/4] Running anomaly detection engine...
[2.5/4] Cross-source price verification (arbitrage spread)...
[3/4] Writing machine-readable JSON...
[4/4] Writing human-readable Markdown...

✓ Reports generated:
  → /home/administrator/solpulse-dashboard/report.json (4,386 bytes)
  → /home/administrator/solpulse-dashboard/report.md (2,037 bytes)

Status: HEALTHY | Health Score: 100/100
charts updated: 399 samples, 2.7h span
[1/4] Aggregating on-chain + off-chain data...
[2/4] Running anomaly detection engine...
[2.5/4] Cross-source price verification (arbitrage spread)...
[3/4] Writing machine-readable JSON...
[4/4] Writing human-readable Markdown...

✓ Reports generated:
  → /home/administrator/solpulse-dashboard/report.json (4,387 bytes)
  → /home/administrator/solpulse-dashboard/report.md (2,038 bytes)

Status: HEALTHY | Health Score: 100/100
charts updated: 400 samples, 2.7h span
[1/4] Aggregating on-chain + off-chain data...
[2/4] Running anomaly detection engine...
[2.5/4] Cross-source price verification (arbitrage spread)...
[3/4] Writing machine-readable JSON...
[4/4] Writing human-readable Markdown...

✓ Reports generated:
  → /home/administrator/solpulse-dashboard/report.json (4,388 bytes)
  → /home/administrator/solpulse-dashboard/report.md (2,038 bytes)

Status: HEALTHY | Health Score: 100/100
charts updated: 401 samples, 2.7h span
[1/4] Aggregating on-chain + off-chain data...
[2/4] Running anomaly detection engine...
[2.5/4] Cross-source price verification (arbitrage spread)...
[3/4] Writing machine-readable JSON...
[4/4] Writing human-readable Markdown...

✓ Reports generated:
  → /home/administrator/solpulse-dashboard/report.json (4,385 bytes)
  → /home/administrator/solpulse-dashboard/report.md (2,037 bytes)

Status: HEALTHY | Health Score: 100/100
charts updated: 402 samples, 2.7h span
[1/4] Aggregating on-chain + off-chain data...
[2/4] Running anomaly detection engine...
[2.5/4] Cross-source price verification (arbitrage spread)...
[3/4] Writing machine-readable JSON...
[4/4] Writing human-readable Markdown...

✓ Reports generated:
  → /home/administrator/solpulse-dashboard/report.json (4,385 bytes)
  → /home/administrator/solpulse-dashboard/report.md (2,037 bytes)

Status: HEALTHY | Health Score: 100/100
charts updated: 403 samples, 2.7h span
[1/4] Aggregating on-chain + off-chain data...
[2/4] Running anomaly detection engine...
[2.5/4] Cross-source price verification (arbitrage spread)...
[3/4] Writing machine-readable JSON...
[4/4] Writing human-readable Markdown...

✓ Reports generated:
  → /home/administrator/solpulse-dashboard/report.json (4,387 bytes)
  → /home/administrator/solpulse-dashboard/report.md (2,037 bytes)

Status: HEALTHY | Health Score: 100/100
charts updated: 404 samples, 2.7h span
[1/4] Aggregating on-chain + off-chain data...
[2/4] Running anomaly detection engine...
[2.5/4] Cross-source price verification (arbitrage spread)...
[3/4] Writing machine-readable JSON...
[4/4] Writing human-readable Markdown...

✓ Reports generated:
  → /home/administrator/solpulse-dashboard/report.json (4,393 bytes)
  → /home/administrator/solpulse-dashboard/report.md (2,038 bytes)

Status: HEALTHY | Health Score: 100/100
charts updated: 405 samples, 2.7h span
[1/4] Aggregating on-chain + off-chain data...
[2/4] Running anomaly detection engine...
[2.5/4] Cross-source price verification (arbitrage spread)...
[3/4] Writing machine-readable JSON...
[4/4] Writing human-readable Markdown...

✓ Reports generated:
  → /home/administrator/solpulse-dashboard/report.json (4,392 bytes)
  → /home/administrator/solpulse-dashboard/report.md (2,038 bytes)

Status: HEALTHY | Health Score: 100/100
charts updated: 406 samples, 2.7h span
[1/4] Aggregating on-chain + off-chain data...
[2/4] Running anomaly detection engine...
[2.5/4] Cross-source price verification (arbitrage spread)...
[3/4] Writing machine-readable JSON...
[4/4] Writing human-readable Markdown...

✓ Reports generated:
  → /home/administrator/solpulse-dashboard/report.json (4,391 bytes)
  → /home/administrator/solpulse-dashboard/report.md (2,038 bytes)

Status: HEALTHY | Health Score: 100/100
charts updated: 407 samples, 2.8h span
[1/4] Aggregating on-chain + off-chain data...
[2/4] Running anomaly detection engine...
[2.5/4] Cross-source price verification (arbitrage spread)...
[3/4] Writing machine-readable JSON...
[4/4] Writing human-readable Markdown...

✓ Reports generated:
  → /home/administrator/solpulse-dashboard/report.json (4,414 bytes)
  → /home/administrator/solpulse-dashboard/report.md (2,038 bytes)

Status: HEALTHY | Health Score: 100/100
charts updated: 408 samples, 2.8h span
[1/4] Aggregating on-chain + off-chain data...
[2/4] Running anomaly detection engine...
[2.5/4] Cross-source price verification (arbitrage spread)...
[3/4] Writing machine-readable JSON...
[4/4] Writing human-readable Markdown...

✓ Reports generated:
  → /home/administrator/solpulse-dashboard/report.json (4,410 bytes)
  → /home/administrator/solpulse-dashboard/report.md (2,038 bytes)

Status: HEALTHY | Health Score: 100/100
charts updated: 409 samples, 2.8h span
[1/4] Aggregating on-chain + off-chain data...
[2/4] Running anomaly detection engine...
[2.5/4] Cross-source price verification (arbitrage spread)...
[3/4] Writing machine-readable JSON...
[4/4] Writing human-readable Markdown...

✓ Reports generated:
  → /home/administrator/solpulse-dashboard/report.json (4,384 bytes)
  → /home/administrator/solpulse-dashboard/report.md (2,038 bytes)

Status: HEALTHY | Health Score: 100/100
charts updated: 410 samples, 2.8h span
[1/4] Aggregating on-chain + off-chain data...
[2/4] Running anomaly detection engine...
[2.5/4] Cross-source price verification (arbitrage spread)...
[3/4] Writing machine-readable JSON...
[4/4] Writing human-readable Markdown...

✓ Reports generated:
  → /home/administrator/solpulse-dashboard/report.json (4,393 bytes)
  → /home/administrator/solpulse-dashboard/report.md (2,038 bytes)

Status: HEALTHY | Health Score: 100/100
charts updated: 411 samples, 2.8h span
[1/4] Aggregating on-chain + off-chain data...
[2/4] Running anomaly detection engine...
[2.5/4] Cross-source price verification (arbitrage spread)...
[3/4] Writing machine-readable JSON...
[4/4] Writing human-readable Markdown...

✓ Reports generated:
  → /home/administrator/solpulse-dashboard/report.json (4,384 bytes)
  → /home/administrator/solpulse-dashboard/report.md (2,037 bytes)

Status: HEALTHY | Health Score: 100/100
charts updated: 412 samples, 2.8h span
[1/4] Aggregating on-chain + off-chain data...
[2/4] Running anomaly detection engine...
[2.5/4] Cross-source price verification (arbitrage spread)...
[3/4] Writing machine-readable JSON...
[4/4] Writing human-readable Markdown...

✓ Reports generated:
  → /home/administrator/solpulse-dashboard/report.json (4,392 bytes)
  → /home/administrator/solpulse-dashboard/report.md (2,038 bytes)

Status: HEALTHY | Health Score: 100/100
charts updated: 413 samples, 2.8h span
[1/4] Aggregating on-chain + off-chain data...
[2/4] Running anomaly detection engine...
[2.5/4] Cross-source price verification (arbitrage spread)...
[3/4] Writing machine-readable JSON...
[4/4] Writing human-readable Markdown...

✓ Reports generated:
  → /home/administrator/solpulse-dashboard/report.json (4,391 bytes)
  → /home/administrator/solpulse-dashboard/report.md (2,038 bytes)

Status: HEALTHY | Health Score: 100/100
charts updated: 413 samples, 2.8h span
[1/4] Aggregating on-chain + off-chain data...
[2/4] Running anomaly detection engine...
[2.5/4] Cross-source price verification (arbitrage spread)...
[3/4] Writing machine-readable JSON...
[4/4] Writing human-readable Markdown...

✓ Reports generated:
  → /home/administrator/solpulse-dashboard/report.json (4,386 bytes)
  → /home/administrator/solpulse-dashboard/report.md (2,038 bytes)

Status: HEALTHY | Health Score: 100/100
charts updated: 414 samples, 2.8h span
[1/4] Aggregating on-chain + off-chain data...
[2/4] Running anomaly detection engine...
[2.5/4] Cross-source price verification (arbitrage spread)...
[3/4] Writing machine-readable JSON...
[4/4] Writing human-readable Markdown...

✓ Reports generated:
  → /home/administrator/solpulse-dashboard/report.json (4,390 bytes)
  → /home/administrator/solpulse-dashboard/report.md (2,038 bytes)

Status: HEALTHY | Health Score: 100/100
charts updated: 415 samples, 2.8h span
[1/4] Aggregating on-chain + off-chain data...
[2/4] Running anomaly detection engine...
[2.5/4] Cross-source price verification (arbitrage spread)...
[3/4] Writing machine-readable JSON...
[4/4] Writing human-readable Markdown...

✓ Reports generated:
  → /home/administrator/solpulse-dashboard/report.json (4,391 bytes)
  → /home/administrator/solpulse-dashboard/report.md (2,038 bytes)

Status: HEALTHY | Health Score: 100/100
charts updated: 416 samples, 2.8h span
[1/4] Aggregating on-chain + off-chain data...
[2/4] Running anomaly detection engine...
[2.5/4] Cross-source price verification (arbitrage spread)...
[2.7/4] Trend analysis over history...
[3/4] Writing machine-readable JSON...
[4/4] Writing human-readable Markdown...

✓ Reports generated:
  → /home/administrator/solpulse-dashboard/report.json (4,384 bytes)
  → /home/administrator/solpulse-dashboard/report.md (2,036 bytes)

Status: HEALTHY | Health Score: 100/100
charts updated: 417 samples, 2.8h span
[1/4] Aggregating on-chain + off-chain data...
[2/4] Running anomaly detection engine...
[2.5/4] Cross-source price verification (arbitrage spread)...
[2.7/4] Trend analysis over history...
[3/4] Writing machine-readable JSON...
[4/4] Writing human-readable Markdown...

✓ Reports generated:
  → /home/administrator/solpulse-dashboard/report.json (4,394 bytes)
  → /home/administrator/solpulse-dashboard/report.md (2,038 bytes)

Status: HEALTHY | Health Score: 100/100
charts updated: 419 samples, 2.8h span
[1/4] Aggregating on-chain + off-chain data...
[2/4] Running anomaly detection engine...
[2.5/4] Cross-source price verification (arbitrage spread)...
[2.7/4] Trend analysis over history...
[3/4] Writing machine-readable JSON...
[4/4] Writing human-readable Markdown...

✓ Reports generated:
  → /home/administrator/solpulse-dashboard/report.json (4,387 bytes)
  → /home/administrator/solpulse-dashboard/report.md (2,038 bytes)

Status: HEALTHY | Health Score: 100/100
charts updated: 420 samples, 2.8h span
[1/4] Aggregating on-chain + off-chain data...
[2/4] Running anomaly detection engine...
[2.5/4] Cross-source price verification (arbitrage spread)...
[2.7/4] Trend analysis over history...
[3/4] Writing machine-readable JSON...
[4/4] Writing human-readable Markdown...

✓ Reports generated:
  → /home/administrator/solpulse-dashboard/report.json (4,392 bytes)
  → /home/administrator/solpulse-dashboard/report.md (2,038 bytes)

Status: HEALTHY | Health Score: 100/100
charts updated: 421 samples, 2.8h span
[1/4] Aggregating on-chain + off-chain data...
[2/4] Running anomaly detection engine...
[2.5/4] Cross-source price verification (arbitrage spread)...
[2.7/4] Trend analysis over history...
[3/4] Writing machine-readable JSON...
[4/4] Writing human-readable Markdown...

✓ Reports generated:
  → /home/administrator/solpulse-dashboard/report.json (4,392 bytes)
  → /home/administrator/solpulse-dashboard/report.md (2,038 bytes)

Status: HEALTHY | Health Score: 100/100
charts updated: 422 samples, 2.9h span
[1/4] Aggregating on-chain + off-chain data...
[2/4] Running anomaly detection engine...
[2.5/4] Cross-source price verification (arbitrage spread)...
[2.7/4] Trend analysis over history...
[3/4] Writing machine-readable JSON...
[4/4] Writing human-readable Markdown...

✓ Reports generated:
  → /home/administrator/solpulse-dashboard/report.json (4,391 bytes)
  → /home/administrator/solpulse-dashboard/report.md (2,038 bytes)

Status: HEALTHY | Health Score: 100/100
charts updated: 423 samples, 2.9h span
[1/4] Aggregating on-chain + off-chain data...
[2/4] Running anomaly detection engine...
[2.5/4] Cross-source price verification (arbitrage spread)...
[2.7/4] Trend analysis over history...
[3/4] Writing machine-readable JSON...
[4/4] Writing human-readable Markdown...

✓ Reports generated:
  → /home/administrator/solpulse-dashboard/report.json (5,499 bytes)
  → /home/administrator/solpulse-dashboard/report.md (2,038 bytes)

Status: HEALTHY | Health Score: 100/100
charts updated: 425 samples, 2.9h span
[1/4] Aggregating on-chain + off-chain data...
[2/4] Running anomaly detection engine...
[2.5/4] Cross-source price verification (arbitrage spread)...
[2.7/4] Trend analysis over history...
[3/4] Writing machine-readable JSON...
[4/4] Writing human-readable Markdown...

✓ Reports generated:
  → /home/administrator/solpulse-dashboard/report.json (5,477 bytes)
  → /home/administrator/solpulse-dashboard/report.md (2,037 bytes)

Status: HEALTHY | Health Score: 100/100
charts updated: 426 samples, 2.9h span
[1/4] Aggregating on-chain + off-chain data...
[2/4] Running anomaly detection engine...
[2.5/4] Cross-source price verification (arbitrage spread)...
[2.7/4] Trend analysis over history...
[3/4] Writing machine-readable JSON...
[4/4] Writing human-readable Markdown...

✓ Reports generated:
  → /home/administrator/solpulse-dashboard/report.json (5,478 bytes)
  → /home/administrator/solpulse-dashboard/report.md (2,038 bytes)

Status: HEALTHY | Health Score: 100/100
charts updated: 427 samples, 2.9h span
[1/4] Aggregating on-chain + off-chain data...
[2/4] Running anomaly detection engine...
[2.5/4] Cross-source price verification (arbitrage spread)...
[2.7/4] Trend analysis over history...
[3/4] Writing machine-readable JSON...
[4/4] Writing human-readable Markdown...

✓ Reports generated:
  → /home/administrator/solpulse-dashboard/report.json (5,477 bytes)
  → /home/administrator/solpulse-dashboard/report.md (2,038 bytes)

Status: HEALTHY | Health Score: 100/100
charts updated: 428 samples, 2.9h span
[1/4] Aggregating on-chain + off-chain data...
[2/4] Running anomaly detection engine...
[2.5/4] Cross-source price verification (arbitrage spread)...
[2.7/4] Trend analysis over history...
[3/4] Writing machine-readable JSON...
[4/4] Writing human-readable Markdown...

✓ Reports generated:
  → /home/administrator/solpulse-dashboard/report.json (5,478 bytes)
  → /home/administrator/solpulse-dashboard/report.md (2,038 bytes)

Status: HEALTHY | Health Score: 100/100
charts updated: 429 samples, 2.9h span
[1/4] Aggregating on-chain + off-chain data...
[2/4] Running anomaly detection engine...
[2.5/4] Cross-source price verification (arbitrage spread)...
[2.7/4] Trend analysis over history...
[3/4] Writing machine-readable JSON...
[4/4] Writing human-readable Markdown...

✓ Reports generated:
  → /home/administrator/solpulse-dashboard/report.json (5,476 bytes)
  → /home/administrator/solpulse-dashboard/report.md (2,037 bytes)

Status: HEALTHY | Health Score: 100/100
charts updated: 430 samples, 2.9h span
[1/4] Aggregating on-chain + off-chain data...
[2/4] Running anomaly detection engine...
[2.5/4] Cross-source price verification (arbitrage spread)...
[2.7/4] Trend analysis over history...
[3/4] Writing machine-readable JSON...
[4/4] Writing human-readable Markdown...

✓ Reports generated:
  → /home/administrator/solpulse-dashboard/report.json (5,474 bytes)
  → /home/administrator/solpulse-dashboard/report.md (2,038 bytes)

Status: HEALTHY | Health Score: 100/100
charts updated: 431 samples, 2.9h span
[1/4] Aggregating on-chain + off-chain data...
[2/4] Running anomaly detection engine...
[2.5/4] Cross-source price verification (arbitrage spread)...
[2.7/4] Trend analysis over history...
[3/4] Writing machine-readable JSON...
[4/4] Writing human-readable Markdown...

✓ Reports generated:
  → /home/administrator/solpulse-dashboard/report.json (5,473 bytes)
  → /home/administrator/solpulse-dashboard/report.md (2,038 bytes)

Status: HEALTHY | Health Score: 100/100
charts updated: 432 samples, 2.9h span
[1/4] Aggregating on-chain + off-chain data...
[2/4] Running anomaly detection engine...
[2.5/4] Cross-source price verification (arbitrage spread)...
[2.7/4] Trend analysis over history...
[3/4] Writing machine-readable JSON...
[4/4] Writing human-readable Markdown...

✓ Reports generated:
  → /home/administrator/solpulse-dashboard/report.json (5,469 bytes)
  → /home/administrator/solpulse-dashboard/report.md (2,037 bytes)

Status: HEALTHY | Health Score: 100/100
charts updated: 433 samples, 2.9h span
[1/4] Aggregating on-chain + off-chain data...
[2/4] Running anomaly detection engine...
[2.5/4] Cross-source price verification (arbitrage spread)...
[2.7/4] Trend analysis over history...
[3/4] Writing machine-readable JSON...
[4/4] Writing human-readable Markdown...

✓ Reports generated:
  → /home/administrator/solpulse-dashboard/report.json (5,473 bytes)
  → /home/administrator/solpulse-dashboard/report.md (2,038 bytes)

Status: HEALTHY | Health Score: 100/100
charts updated: 434 samples, 2.9h span
[1/4] Aggregating on-chain + off-chain data...
[2/4] Running anomaly detection engine...
[2.5/4] Cross-source price verification (arbitrage spread)...
[2.7/4] Trend analysis over history...
[3/4] Writing machine-readable JSON...
[4/4] Writing human-readable Markdown...

✓ Reports generated:
  → /home/administrator/solpulse-dashboard/report.json (5,474 bytes)
  → /home/administrator/solpulse-dashboard/report.md (2,038 bytes)

Status: HEALTHY | Health Score: 100/100
charts updated: 435 samples, 2.9h span
[1/4] Aggregating on-chain + off-chain data...
[2/4] Running anomaly detection engine...
[2.5/4] Cross-source price verification (arbitrage spread)...
[2.7/4] Trend analysis over history...
[3/4] Writing machine-readable JSON...
[4/4] Writing human-readable Markdown...

✓ Reports generated:
  → /home/administrator/solpulse-dashboard/report.json (5,471 bytes)
  → /home/administrator/solpulse-dashboard/report.md (2,038 bytes)

Status: HEALTHY | Health Score: 100/100
charts updated: 436 samples, 2.9h span
[1/4] Aggregating on-chain + off-chain data...
[2/4] Running anomaly detection engine...
[2.5/4] Cross-source price verification (arbitrage spread)...
[2.7/4] Trend analysis over history...
[3/4] Writing machine-readable JSON...
[4/4] Writing human-readable Markdown...

✓ Reports generated:
  → /home/administrator/solpulse-dashboard/report.json (5,473 bytes)
  → /home/administrator/solpulse-dashboard/report.md (2,038 bytes)

Status: HEALTHY | Health Score: 100/100
charts updated: 437 samples, 2.9h span
[1/4] Aggregating on-chain + off-chain data...
[2/4] Running anomaly detection engine...
[2.5/4] Cross-source price verification (arbitrage spread)...
[2.7/4] Trend analysis over history...
[3/4] Writing machine-readable JSON...
[4/4] Writing human-readable Markdown...

✓ Reports generated:
  → /home/administrator/solpulse-dashboard/report.json (5,479 bytes)
  → /home/administrator/solpulse-dashboard/report.md (2,038 bytes)

Status: HEALTHY | Health Score: 100/100
charts updated: 438 samples, 3.0h span
[1/4] Aggregating on-chain + off-chain data...
[2/4] Running anomaly detection engine...
[2.5/4] Cross-source price verification (arbitrage spread)...
[2.7/4] Trend analysis over history...
[3/4] Writing machine-readable JSON...
[4/4] Writing human-readable Markdown...

✓ Reports generated:
  → /home/administrator/solpulse-dashboard/report.json (5,478 bytes)
  → /home/administrator/solpulse-dashboard/report.md (2,036 bytes)

Status: HEALTHY | Health Score: 100/100
charts updated: 439 samples, 3.0h span
[1/4] Aggregating on-chain + off-chain data...
[2/4] Running anomaly detection engine...
[2.5/4] Cross-source price verification (arbitrage spread)...
[2.7/4] Trend analysis over history...
[3/4] Writing machine-readable JSON...
[4/4] Writing human-readable Markdown...

✓ Reports generated:
  → /home/administrator/solpulse-dashboard/report.json (5,503 bytes)
  → /home/administrator/solpulse-dashboard/report.md (2,038 bytes)

Status: HEALTHY | Health Score: 100/100
charts updated: 440 samples, 3.0h span
[1/4] Aggregating on-chain + off-chain data...
[2/4] Running anomaly detection engine...
[2.5/4] Cross-source price verification (arbitrage spread)...
[2.7/4] Trend analysis over history...
[3/4] Writing machine-readable JSON...
[4/4] Writing human-readable Markdown...

✓ Reports generated:
  → /home/administrator/solpulse-dashboard/report.json (5,479 bytes)
  → /home/administrator/solpulse-dashboard/report.md (2,038 bytes)

Status: HEALTHY | Health Score: 100/100
charts updated: 441 samples, 3.0h span
[1/4] Aggregating on-chain + off-chain data...
[2/4] Running anomaly detection engine...
[2.5/4] Cross-source price verification (arbitrage spread)...
[2.7/4] Trend analysis over history...
[3/4] Writing machine-readable JSON...
[4/4] Writing human-readable Markdown...

✓ Reports generated:
  → /home/administrator/solpulse-dashboard/report.json (5,479 bytes)
  → /home/administrator/solpulse-dashboard/report.md (2,038 bytes)

Status: HEALTHY | Health Score: 100/100
charts updated: 442 samples, 3.0h span
[1/4] Aggregating on-chain + off-chain data...
[2/4] Running anomaly detection engine...
[2.5/4] Cross-source price verification (arbitrage spread)...
[2.7/4] Trend analysis over history...
[3/4] Writing machine-readable JSON...
[4/4] Writing human-readable Markdown...

✓ Reports generated:
  → /home/administrator/solpulse-dashboard/report.json (5,474 bytes)
  → /home/administrator/solpulse-dashboard/report.md (2,038 bytes)

Status: HEALTHY | Health Score: 100/100
charts updated: 443 samples, 3.0h span
[1/4] Aggregating on-chain + off-chain data...
[2/4] Running anomaly detection engine...
[2.5/4] Cross-source price verification (arbitrage spread)...
[2.7/4] Trend analysis over history...
[3/4] Writing machine-readable JSON...
[4/4] Writing human-readable Markdown...

✓ Reports generated:
  → /home/administrator/solpulse-dashboard/report.json (5,474 bytes)
  → /home/administrator/solpulse-dashboard/report.md (2,037 bytes)

Status: HEALTHY | Health Score: 100/100
charts updated: 444 samples, 3.0h span
[1/4] Aggregating on-chain + off-chain data...
[2/4] Running anomaly detection engine...
[2.5/4] Cross-source price verification (arbitrage spread)...
[2.7/4] Trend analysis over history...
[3/4] Writing machine-readable JSON...
[4/4] Writing human-readable Markdown...

✓ Reports generated:
  → /home/administrator/solpulse-dashboard/report.json (5,473 bytes)
  → /home/administrator/solpulse-dashboard/report.md (2,038 bytes)

Status: HEALTHY | Health Score: 100/100
charts updated: 445 samples, 3.0h span
[1/4] Aggregating on-chain + off-chain data...
[2/4] Running anomaly detection engine...
[2.5/4] Cross-source price verification (arbitrage spread)...
[2.7/4] Trend analysis over history...
[3/4] Writing machine-readable JSON...
[4/4] Writing human-readable Markdown...

✓ Reports generated:
  → /home/administrator/solpulse-dashboard/report.json (5,471 bytes)
  → /home/administrator/solpulse-dashboard/report.md (2,037 bytes)

Status: HEALTHY | Health Score: 100/100
charts updated: 446 samples, 3.0h span
[1/4] Aggregating on-chain + off-chain data...
[2/4] Running anomaly detection engine...
[2.5/4] Cross-source price verification (arbitrage spread)...
[2.7/4] Trend analysis over history...
[3/4] Writing machine-readable JSON...
[4/4] Writing human-readable Markdown...

✓ Reports generated:
  → /home/administrator/solpulse-dashboard/report.json (5,473 bytes)
  → /home/administrator/solpulse-dashboard/report.md (2,038 bytes)

Status: HEALTHY | Health Score: 100/100
charts updated: 447 samples, 3.0h span
[1/4] Aggregating on-chain + off-chain data...
[2/4] Running anomaly detection engine...
[2.5/4] Cross-source price verification (arbitrage spread)...
[2.7/4] Trend analysis over history...
[3/4] Writing machine-readable JSON...
[4/4] Writing human-readable Markdown...

✓ Reports generated:
  → /home/administrator/solpulse-dashboard/report.json (5,475 bytes)
  → /home/administrator/solpulse-dashboard/report.md (2,038 bytes)

Status: HEALTHY | Health Score: 100/100
charts updated: 448 samples, 3.0h span
[1/4] Aggregating on-chain + off-chain data...
[2/4] Running anomaly detection engine...
[2.5/4] Cross-source price verification (arbitrage spread)...
[2.7/4] Trend analysis over history...
[3/4] Writing machine-readable JSON...
[4/4] Writing human-readable Markdown...

✓ Reports generated:
  → /home/administrator/solpulse-dashboard/report.json (5,473 bytes)
  → /home/administrator/solpulse-dashboard/report.md (2,038 bytes)

Status: HEALTHY | Health Score: 100/100
charts updated: 449 samples, 3.0h span
[1/4] Aggregating on-chain + off-chain data...
[2/4] Running anomaly detection engine...
[2.5/4] Cross-source price verification (arbitrage spread)...
[2.7/4] Trend analysis over history...
[3/4] Writing machine-readable JSON...
[4/4] Writing human-readable Markdown...

✓ Reports generated:
  → /home/administrator/solpulse-dashboard/report.json (5,473 bytes)
  → /home/administrator/solpulse-dashboard/report.md (2,038 bytes)

Status: HEALTHY | Health Score: 100/100
charts updated: 450 samples, 3.0h span
[1/4] Aggregating on-chain + off-chain data...
[2/4] Running anomaly detection engine...
[2.5/4] Cross-source price verification (arbitrage spread)...
[2.7/4] Trend analysis over history...
[3/4] Writing machine-readable JSON...
[4/4] Writing human-readable Markdown...

✓ Reports generated:
  → /home/administrator/solpulse-dashboard/report.json (5,479 bytes)
  → /home/administrator/solpulse-dashboard/report.md (2,038 bytes)

Status: HEALTHY | Health Score: 100/100
charts updated: 451 samples, 3.0h span
[1/4] Aggregating on-chain + off-chain data...
[2/4] Running anomaly detection engine...
[2.5/4] Cross-source price verification (arbitrage spread)...
[2.7/4] Trend analysis over history...
[3/4] Writing machine-readable JSON...
[4/4] Writing human-readable Markdown...

✓ Reports generated:
  → /home/administrator/solpulse-dashboard/report.json (5,479 bytes)
  → /home/administrator/solpulse-dashboard/report.md (2,038 bytes)

Status: HEALTHY | Health Score: 100/100
charts updated: 452 samples, 3.1h span
[1/4] Aggregating on-chain + off-chain data...
[2/4] Running anomaly detection engine...
[2.5/4] Cross-source price verification (arbitrage spread)...
[2.7/4] Trend analysis over history...
[3/4] Writing machine-readable JSON...
[4/4] Writing human-readable Markdown...

✓ Reports generated:
  → /home/administrator/solpulse-dashboard/report.json (5,479 bytes)
  → /home/administrator/solpulse-dashboard/report.md (2,037 bytes)

Status: HEALTHY | Health Score: 100/100
charts updated: 453 samples, 3.1h span
[1/4] Aggregating on-chain + off-chain data...
[2/4] Running anomaly detection engine...
[2.5/4] Cross-source price verification (arbitrage spread)...
[2.7/4] Trend analysis over history...
[3/4] Writing machine-readable JSON...
[4/4] Writing human-readable Markdown...

✓ Reports generated:
  → /home/administrator/solpulse-dashboard/report.json (5,479 bytes)
  → /home/administrator/solpulse-dashboard/report.md (2,038 bytes)

Status: HEALTHY | Health Score: 100/100
charts updated: 454 samples, 3.1h span
[1/4] Aggregating on-chain + off-chain data...
[2/4] Running anomaly detection engine...
[2.5/4] Cross-source price verification (arbitrage spread)...
[2.7/4] Trend analysis over history...
[3/4] Writing machine-readable JSON...
[4/4] Writing human-readable Markdown...

✓ Reports generated:
  → /home/administrator/solpulse-dashboard/report.json (5,480 bytes)
  → /home/administrator/solpulse-dashboard/report.md (2,038 bytes)

Status: HEALTHY | Health Score: 100/100
charts updated: 455 samples, 3.1h span
[1/4] Aggregating on-chain + off-chain data...
[2/4] Running anomaly detection engine...
[2.5/4] Cross-source price verification (arbitrage spread)...
[2.7/4] Trend analysis over history...
[3/4] Writing machine-readable JSON...
[4/4] Writing human-readable Markdown...

✓ Reports generated:
  → /home/administrator/solpulse-dashboard/report.json (5,505 bytes)
  → /home/administrator/solpulse-dashboard/report.md (2,038 bytes)

Status: HEALTHY | Health Score: 100/100
charts updated: 456 samples, 3.1h span
[1/4] Aggregating on-chain + off-chain data...
[2/4] Running anomaly detection engine...
[2.5/4] Cross-source price verification (arbitrage spread)...
[2.7/4] Trend analysis over history...
[3/4] Writing machine-readable JSON...
[4/4] Writing human-readable Markdown...

✓ Reports generated:
  → /home/administrator/solpulse-dashboard/report.json (5,476 bytes)
  → /home/administrator/solpulse-dashboard/report.md (2,038 bytes)

Status: HEALTHY | Health Score: 100/100
charts updated: 457 samples, 3.1h span
[1/4] Aggregating on-chain + off-chain data...
[2/4] Running anomaly detection engine...
[2.5/4] Cross-source price verification (arbitrage spread)...
[2.7/4] Trend analysis over history...
[3/4] Writing machine-readable JSON...
[4/4] Writing human-readable Markdown...

✓ Reports generated:
  → /home/administrator/solpulse-dashboard/report.json (5,472 bytes)
  → /home/administrator/solpulse-dashboard/report.md (2,038 bytes)

Status: HEALTHY | Health Score: 100/100
charts updated: 458 samples, 3.1h span
[1/4] Aggregating on-chain + off-chain data...
[2/4] Running anomaly detection engine...
[2.5/4] Cross-source price verification (arbitrage spread)...
[2.7/4] Trend analysis over history...
[3/4] Writing machine-readable JSON...
[4/4] Writing human-readable Markdown...

✓ Reports generated:
  → /home/administrator/solpulse-dashboard/report.json (5,472 bytes)
  → /home/administrator/solpulse-dashboard/report.md (2,037 bytes)

Status: HEALTHY | Health Score: 100/100
charts updated: 459 samples, 3.1h span
[1/4] Aggregating on-chain + off-chain data...
[2/4] Running anomaly detection engine...
[2.5/4] Cross-source price verification (arbitrage spread)...
[2.7/4] Trend analysis over history...
[3/4] Writing machine-readable JSON...
[4/4] Writing human-readable Markdown...

✓ Reports generated:
  → /home/administrator/solpulse-dashboard/report.json (5,473 bytes)
  → /home/administrator/solpulse-dashboard/report.md (2,038 bytes)

Status: HEALTHY | Health Score: 100/100
charts updated: 460 samples, 3.1h span
[1/4] Aggregating on-chain + off-chain data...
[2/4] Running anomaly detection engine...
[2.5/4] Cross-source price verification (arbitrage spread)...
[2.7/4] Trend analysis over history...
[3/4] Writing machine-readable JSON...
[4/4] Writing human-readable Markdown...

✓ Reports generated:
  → /home/administrator/solpulse-dashboard/report.json (5,474 bytes)
  → /home/administrator/solpulse-dashboard/report.md (2,038 bytes)

Status: HEALTHY | Health Score: 100/100
charts updated: 461 samples, 3.1h span
[1/4] Aggregating on-chain + off-chain data...
[2/4] Running anomaly detection engine...
[2.5/4] Cross-source price verification (arbitrage spread)...
[2.7/4] Trend analysis over history...
[3/4] Writing machine-readable JSON...
[4/4] Writing human-readable Markdown...

✓ Reports generated:
  → /home/administrator/solpulse-dashboard/report.json (5,479 bytes)
  → /home/administrator/solpulse-dashboard/report.md (2,038 bytes)

Status: HEALTHY | Health Score: 100/100
charts updated: 462 samples, 3.1h span
[1/4] Aggregating on-chain + off-chain data...
[2/4] Running anomaly detection engine...
[2.5/4] Cross-source price verification (arbitrage spread)...
[2.7/4] Trend analysis over history...
[3/4] Writing machine-readable JSON...
[4/4] Writing human-readable Markdown...

✓ Reports generated:
  → /home/administrator/solpulse-dashboard/report.json (5,474 bytes)
  → /home/administrator/solpulse-dashboard/report.md (2,037 bytes)

Status: HEALTHY | Health Score: 100/100
charts updated: 463 samples, 3.1h span
[1/4] Aggregating on-chain + off-chain data...
[2/4] Running anomaly detection engine...
[2.5/4] Cross-source price verification (arbitrage spread)...
[2.7/4] Trend analysis over history...
[3/4] Writing machine-readable JSON...
[4/4] Writing human-readable Markdown...

✓ Reports generated:
  → /home/administrator/solpulse-dashboard/report.json (5,481 bytes)
  → /home/administrator/solpulse-dashboard/report.md (2,038 bytes)

Status: HEALTHY | Health Score: 100/100
charts updated: 464 samples, 3.1h span
[1/4] Aggregating on-chain + off-chain data...
[2/4] Running anomaly detection engine...
[2.5/4] Cross-source price verification (arbitrage spread)...
[2.7/4] Trend analysis over history...
[3/4] Writing machine-readable JSON...
[4/4] Writing human-readable Markdown...

✓ Reports generated:
  → /home/administrator/solpulse-dashboard/report.json (5,475 bytes)
  → /home/administrator/solpulse-dashboard/report.md (2,037 bytes)

Status: HEALTHY | Health Score: 100/100
charts updated: 465 samples, 3.2h span
[1/4] Aggregating on-chain + off-chain data...
[2/4] Running anomaly detection engine...
[2.5/4] Cross-source price verification (arbitrage spread)...
[2.7/4] Trend analysis over history...
[3/4] Writing machine-readable JSON...
[4/4] Writing human-readable Markdown...

✓ Reports generated:
  → /home/administrator/solpulse-dashboard/report.json (5,478 bytes)
  → /home/administrator/solpulse-dashboard/report.md (2,038 bytes)

Status: HEALTHY | Health Score: 100/100
charts updated: 466 samples, 3.2h span
[1/4] Aggregating on-chain + off-chain data...
[2/4] Running anomaly detection engine...
[2.5/4] Cross-source price verification (arbitrage spread)...
[2.7/4] Trend analysis over history...
[3/4] Writing machine-readable JSON...
[4/4] Writing human-readable Markdown...

✓ Reports generated:
  → /home/administrator/solpulse-dashboard/report.json (5,481 bytes)
  → /home/administrator/solpulse-dashboard/report.md (2,038 bytes)

Status: HEALTHY | Health Score: 100/100
charts updated: 467 samples, 3.2h span
[1/4] Aggregating on-chain + off-chain data...
[2/4] Running anomaly detection engine...
[2.5/4] Cross-source price verification (arbitrage spread)...
[2.7/4] Trend analysis over history...
[3/4] Writing machine-readable JSON...
[4/4] Writing human-readable Markdown...

✓ Reports generated:
  → /home/administrator/solpulse-dashboard/report.json (5,476 bytes)
  → /home/administrator/solpulse-dashboard/report.md (2,038 bytes)

Status: HEALTHY | Health Score: 100/100
charts updated: 468 samples, 3.2h span
[1/4] Aggregating on-chain + off-chain data...
[2/4] Running anomaly detection engine...
[2.5/4] Cross-source price verification (arbitrage spread)...
[2.7/4] Trend analysis over history...
[3/4] Writing machine-readable JSON...
[4/4] Writing human-readable Markdown...

✓ Reports generated:
  → /home/administrator/solpulse-dashboard/report.json (5,478 bytes)
  → /home/administrator/solpulse-dashboard/report.md (2,038 bytes)

Status: HEALTHY | Health Score: 100/100
charts updated: 469 samples, 3.2h span
[1/4] Aggregating on-chain + off-chain data...
[2/4] Running anomaly detection engine...
[2.5/4] Cross-source price verification (arbitrage spread)...
[2.7/4] Trend analysis over history...
[3/4] Writing machine-readable JSON...
[4/4] Writing human-readable Markdown...

✓ Reports generated:
  → /home/administrator/solpulse-dashboard/report.json (5,479 bytes)
  → /home/administrator/solpulse-dashboard/report.md (2,038 bytes)

Status: HEALTHY | Health Score: 100/100
charts updated: 470 samples, 3.2h span
[1/4] Aggregating on-chain + off-chain data...
[2/4] Running anomaly detection engine...
[2.5/4] Cross-source price verification (arbitrage spread)...
[2.7/4] Trend analysis over history...
[3/4] Writing machine-readable JSON...
[4/4] Writing human-readable Markdown...

✓ Reports generated:
  → /home/administrator/solpulse-dashboard/report.json (5,482 bytes)
  → /home/administrator/solpulse-dashboard/report.md (2,038 bytes)

Status: HEALTHY | Health Score: 100/100
charts updated: 471 samples, 3.2h span
[1/4] Aggregating on-chain + off-chain data...
[2/4] Running anomaly detection engine...
[2.5/4] Cross-source price verification (arbitrage spread)...
[2.7/4] Trend analysis over history...
[3/4] Writing machine-readable JSON...
[4/4] Writing human-readable Markdown...

✓ Reports generated:
  → /home/administrator/solpulse-dashboard/report.json (5,474 bytes)
  → /home/administrator/solpulse-dashboard/report.md (2,038 bytes)

Status: HEALTHY | Health Score: 100/100
charts updated: 472 samples, 3.2h span
[1/4] Aggregating on-chain + off-chain data...
[2/4] Running anomaly detection engine...
[2.5/4] Cross-source price verification (arbitrage spread)...
[2.7/4] Trend analysis over history...
[3/4] Writing machine-readable JSON...
[4/4] Writing human-readable Markdown...

✓ Reports generated:
  → /home/administrator/solpulse-dashboard/report.json (5,476 bytes)
  → /home/administrator/solpulse-dashboard/report.md (2,038 bytes)

Status: HEALTHY | Health Score: 100/100
charts updated: 473 samples, 3.2h span
[1/4] Aggregating on-chain + off-chain data...
[2/4] Running anomaly detection engine...
[2.5/4] Cross-source price verification (arbitrage spread)...
[2.7/4] Trend analysis over history...
[3/4] Writing machine-readable JSON...
[4/4] Writing human-readable Markdown...

✓ Reports generated:
  → /home/administrator/solpulse-dashboard/report.json (5,475 bytes)
  → /home/administrator/solpulse-dashboard/report.md (2,038 bytes)

Status: HEALTHY | Health Score: 100/100
charts updated: 474 samples, 3.2h span
[1/4] Aggregating on-chain + off-chain data...
[2/4] Running anomaly detection engine...
[2.5/4] Cross-source price verification (arbitrage spread)...
[2.7/4] Trend analysis over history...
[3/4] Writing machine-readable JSON...
[4/4] Writing human-readable Markdown...

✓ Reports generated:
  → /home/administrator/solpulse-dashboard/report.json (5,476 bytes)
  → /home/administrator/solpulse-dashboard/report.md (2,037 bytes)

Status: HEALTHY | Health Score: 100/100
charts updated: 475 samples, 3.2h span
[1/4] Aggregating on-chain + off-chain data...
[2/4] Running anomaly detection engine...
[2.5/4] Cross-source price verification (arbitrage spread)...
[2.7/4] Trend analysis over history...
[3/4] Writing machine-readable JSON...
[4/4] Writing human-readable Markdown...

✓ Reports generated:
  → /home/administrator/solpulse-dashboard/report.json (5,478 bytes)
  → /home/administrator/solpulse-dashboard/report.md (2,038 bytes)

Status: HEALTHY | Health Score: 100/100
charts updated: 476 samples, 3.2h span
[1/4] Aggregating on-chain + off-chain data...
[2/4] Running anomaly detection engine...
[2.5/4] Cross-source price verification (arbitrage spread)...
[2.7/4] Trend analysis over history...
[3/4] Writing machine-readable JSON...
[4/4] Writing human-readable Markdown...

✓ Reports generated:
  → /home/administrator/solpulse-dashboard/report.json (5,479 bytes)
  → /home/administrator/solpulse-dashboard/report.md (2,038 bytes)

Status: HEALTHY | Health Score: 100/100
charts updated: 477 samples, 3.2h span
[1/4] Aggregating on-chain + off-chain data...
[2/4] Running anomaly detection engine...
[2.5/4] Cross-source price verification (arbitrage spread)...
[2.7/4] Trend analysis over history...
[3/4] Writing machine-readable JSON...
[4/4] Writing human-readable Markdown...

✓ Reports generated:
  → /home/administrator/solpulse-dashboard/report.json (5,479 bytes)
  → /home/administrator/solpulse-dashboard/report.md (2,038 bytes)

Status: HEALTHY | Health Score: 100/100
charts updated: 478 samples, 3.2h span
[1/4] Aggregating on-chain + off-chain data...
[2/4] Running anomaly detection engine...
[2.5/4] Cross-source price verification (arbitrage spread)...
[2.7/4] Trend analysis over history...
[3/4] Writing machine-readable JSON...
[4/4] Writing human-readable Markdown...

✓ Reports generated:
  → /home/administrator/solpulse-dashboard/report.json (5,479 bytes)
  → /home/administrator/solpulse-dashboard/report.md (2,038 bytes)

Status: HEALTHY | Health Score: 100/100
charts updated: 479 samples, 3.2h span
[1/4] Aggregating on-chain + off-chain data...
[2/4] Running anomaly detection engine...
[2.5/4] Cross-source price verification (arbitrage spread)...
[2.7/4] Trend analysis over history...
[3/4] Writing machine-readable JSON...
[4/4] Writing human-readable Markdown...

✓ Reports generated:
  → /home/administrator/solpulse-dashboard/report.json (5,484 bytes)
  → /home/administrator/solpulse-dashboard/report.md (2,038 bytes)

Status: HEALTHY | Health Score: 100/100
charts updated: 480 samples, 3.3h span
[1/4] Aggregating on-chain + off-chain data...
[2/4] Running anomaly detection engine...
[2.5/4] Cross-source price verification (arbitrage spread)...
[2.7/4] Trend analysis over history...
[3/4] Writing machine-readable JSON...
[4/4] Writing human-readable Markdown...

✓ Reports generated:
  → /home/administrator/solpulse-dashboard/report.json (5,481 bytes)
  → /home/administrator/solpulse-dashboard/report.md (2,038 bytes)

Status: HEALTHY | Health Score: 100/100
charts updated: 481 samples, 3.3h span
[1/4] Aggregating on-chain + off-chain data...
[2/4] Running anomaly detection engine...
[2.5/4] Cross-source price verification (arbitrage spread)...
[2.7/4] Trend analysis over history...
[3/4] Writing machine-readable JSON...
[4/4] Writing human-readable Markdown...

✓ Reports generated:
  → /home/administrator/solpulse-dashboard/report.json (5,482 bytes)
  → /home/administrator/solpulse-dashboard/report.md (2,038 bytes)

Status: HEALTHY | Health Score: 100/100
charts updated: 482 samples, 3.3h span
[1/4] Aggregating on-chain + off-chain data...
[2/4] Running anomaly detection engine...
[2.5/4] Cross-source price verification (arbitrage spread)...
[2.7/4] Trend analysis over history...
[3/4] Writing machine-readable JSON...
[4/4] Writing human-readable Markdown...

✓ Reports generated:
  → /home/administrator/solpulse-dashboard/report.json (5,502 bytes)
  → /home/administrator/solpulse-dashboard/report.md (2,038 bytes)

Status: HEALTHY | Health Score: 100/100
charts updated: 484 samples, 3.3h span
